==========================================
[2026-08-26 23:01:13] Start running:
  dataset      : ETTh1
  model        : TimeLLM
  llm_model    : GPT2
  seq_len      : 512
  pred_len     : 96
  learning_rate: 0.01
  batch_size   : 24
==========================================
Downloading Model from https://www.modelscope.cn to directory: /home/Lain/.cache/modelscope/hub/models/AI-ModelScope/gpt2
	iters: 100, epoch: 1 | loss: 0.4998946
	speed: 0.0821s/iter; left time: 19226.2604s
	iters: 200, epoch: 1 | loss: 0.3975254
	speed: 0.0774s/iter; left time: 18117.4718s
	iters: 300, epoch: 1 | loss: 0.4237367
	speed: 0.0774s/iter; left time: 18093.3574s
	iters: 400, epoch: 1 | loss: 0.4548484
	speed: 0.0776s/iter; left time: 18142.3383s
	iters: 500, epoch: 1 | loss: 0.3884262
	speed: 0.0774s/iter; left time: 18087.0104s
	iters: 600, epoch: 1 | loss: 0.4322759
	speed: 0.0776s/iter; left time: 18130.5882s
	iters: 700, epoch: 1 | loss: 0.5025351
	speed: 0.0776s/iter; left time: 18122.8948s
	iters: 800, epoch: 1 | loss: 0.4463448
	speed: 0.0782s/iter; left time: 18245.2954s
	iters: 900, epoch: 1 | loss: 0.4247971
	speed: 0.0777s/iter; left time: 18127.4192s
	iters: 1000, epoch: 1 | loss: 0.3090648
	speed: 0.0777s/iter; left time: 18113.0196s
	iters: 1100, epoch: 1 | loss: 0.4991984
	speed: 0.0777s/iter; left time: 18116.1614s
	iters: 1200, epoch: 1 | loss: 0.3179719
	speed: 0.0774s/iter; left time: 18025.4714s
	iters: 1300, epoch: 1 | loss: 0.3379273
	speed: 0.0775s/iter; left time: 18052.8771s
	iters: 1400, epoch: 1 | loss: 0.4924315
	speed: 0.0774s/iter; left time: 18020.6402s
	iters: 1500, epoch: 1 | loss: 0.5025817
	speed: 0.0775s/iter; left time: 18031.3382s
	iters: 1600, epoch: 1 | loss: 0.5143779
	speed: 0.0773s/iter; left time: 17988.4629s
	iters: 1700, epoch: 1 | loss: 0.5772893
	speed: 0.0773s/iter; left time: 17972.0851s
	iters: 1800, epoch: 1 | loss: 0.2837386
	speed: 0.0775s/iter; left time: 18015.8105s
	iters: 1900, epoch: 1 | loss: 0.3598479
	speed: 0.0774s/iter; left time: 17980.9825s
	iters: 2000, epoch: 1 | loss: 0.5004740
	speed: 0.0774s/iter; left time: 17979.8954s
	iters: 2100, epoch: 1 | loss: 0.3148483
	speed: 0.0775s/iter; left time: 17980.6696s
	iters: 2200, epoch: 1 | loss: 0.3230409
	speed: 0.0775s/iter; left time: 17972.0499s
	iters: 2300, epoch: 1 | loss: 0.4067605
	speed: 0.0775s/iter; left time: 17972.7372s
Epoch: 1 cost time: 181.8467206954956
Epoch: 1 | Train Loss: 0.4225824 Vali Loss: 0.8398837 Test Loss: 0.4179896 MAE Loss: 0.4369984
lr = 0.0004000000
Updating learning rate to 0.0003999999999999993
	iters: 100, epoch: 2 | loss: 0.5400640
	speed: 0.6906s/iter; left time: 160048.8631s
	iters: 200, epoch: 2 | loss: 0.4424972
	speed: 0.0762s/iter; left time: 17663.3774s
	iters: 300, epoch: 2 | loss: 0.5587352
	speed: 0.0754s/iter; left time: 17464.7127s
	iters: 400, epoch: 2 | loss: 0.2859479
	speed: 0.0753s/iter; left time: 17432.5815s
	iters: 500, epoch: 2 | loss: 0.4582199
	speed: 0.0755s/iter; left time: 17463.5032s
	iters: 600, epoch: 2 | loss: 0.4444183
	speed: 0.0753s/iter; left time: 17424.1699s
	iters: 700, epoch: 2 | loss: 0.3518186
	speed: 0.0753s/iter; left time: 17417.2637s
	iters: 800, epoch: 2 | loss: 0.2496912
	speed: 0.0755s/iter; left time: 17443.2285s
	iters: 900, epoch: 2 | loss: 0.3880845
	speed: 0.0754s/iter; left time: 17423.5027s
	iters: 1000, epoch: 2 | loss: 0.3791577
	speed: 0.0755s/iter; left time: 17419.4819s
	iters: 1100, epoch: 2 | loss: 0.3656359
	speed: 0.0754s/iter; left time: 17404.8480s
	iters: 1200, epoch: 2 | loss: 0.3938848
	speed: 0.0755s/iter; left time: 17405.0486s
	iters: 1300, epoch: 2 | loss: 0.2930758
	speed: 0.0754s/iter; left time: 17376.8766s
	iters: 1400, epoch: 2 | loss: 0.3515233
	speed: 0.0754s/iter; left time: 17380.8910s
	iters: 1500, epoch: 2 | loss: 0.4398811
	speed: 0.0754s/iter; left time: 17371.4164s
	iters: 1600, epoch: 2 | loss: 0.5652795
	speed: 0.0754s/iter; left time: 17372.6783s
	iters: 1700, epoch: 2 | loss: 0.3528954
	speed: 0.0755s/iter; left time: 17377.7150s
	iters: 1800, epoch: 2 | loss: 0.3997364
	speed: 0.0756s/iter; left time: 17391.4571s
	iters: 1900, epoch: 2 | loss: 0.3679807
	speed: 0.0754s/iter; left time: 17330.4855s
	iters: 2000, epoch: 2 | loss: 0.4000044
	speed: 0.0755s/iter; left time: 17355.0175s
	iters: 2100, epoch: 2 | loss: 0.4248760
	speed: 0.0754s/iter; left time: 17331.6980s
	iters: 2200, epoch: 2 | loss: 0.6558131
	speed: 0.0755s/iter; left time: 17329.0415s
	iters: 2300, epoch: 2 | loss: 0.3294001
	speed: 0.0754s/iter; left time: 17310.8070s
Epoch: 2 cost time: 176.8115427494049
Epoch: 2 | Train Loss: 0.4089225 Vali Loss: 0.7777059 Test Loss: 0.4171967 MAE Loss: 0.4297010
Updating learning rate to 0.00019999999999999966
	iters: 100, epoch: 3 | loss: 0.4529907
	speed: 0.6553s/iter; left time: 150345.0169s
	iters: 200, epoch: 3 | loss: 0.3431101
	speed: 0.0753s/iter; left time: 17267.9057s
	iters: 300, epoch: 3 | loss: 0.3507303
	speed: 0.0753s/iter; left time: 17253.4695s
	iters: 400, epoch: 3 | loss: 0.4046355
	speed: 0.0754s/iter; left time: 17274.2549s
	iters: 500, epoch: 3 | loss: 0.4304405
	speed: 0.0754s/iter; left time: 17263.8876s
	iters: 600, epoch: 3 | loss: 0.4212979
	speed: 0.0755s/iter; left time: 17290.0644s
	iters: 700, epoch: 3 | loss: 0.3960083
	speed: 0.0754s/iter; left time: 17256.3870s
	iters: 800, epoch: 3 | loss: 0.3448699
	speed: 0.0755s/iter; left time: 17257.9471s
	iters: 900, epoch: 3 | loss: 0.3845451
	speed: 0.0755s/iter; left time: 17254.6634s
	iters: 1000, epoch: 3 | loss: 0.5326012
	speed: 0.0754s/iter; left time: 17233.6463s
	iters: 1100, epoch: 3 | loss: 0.3320494
	speed: 0.0754s/iter; left time: 17222.5072s
	iters: 1200, epoch: 3 | loss: 0.3670132
	speed: 0.0755s/iter; left time: 17227.4862s
	iters: 1300, epoch: 3 | loss: 0.4836677
	speed: 0.0754s/iter; left time: 17212.4821s
	iters: 1400, epoch: 3 | loss: 0.2496208
	speed: 0.0754s/iter; left time: 17200.1990s
	iters: 1500, epoch: 3 | loss: 0.3736683
	speed: 0.0754s/iter; left time: 17181.9173s
	iters: 1600, epoch: 3 | loss: 0.3787766
	speed: 0.0753s/iter; left time: 17163.1825s
	iters: 1700, epoch: 3 | loss: 0.3313929
	speed: 0.0753s/iter; left time: 17154.4506s
	iters: 1800, epoch: 3 | loss: 0.3374853
	speed: 0.0753s/iter; left time: 17155.2501s
	iters: 1900, epoch: 3 | loss: 0.5833014
	speed: 0.0753s/iter; left time: 17141.8979s
	iters: 2000, epoch: 3 | loss: 0.5260193
	speed: 0.0753s/iter; left time: 17134.8415s
	iters: 2100, epoch: 3 | loss: 0.3456240
	speed: 0.0753s/iter; left time: 17134.8973s
	iters: 2200, epoch: 3 | loss: 0.2360086
	speed: 0.0752s/iter; left time: 17095.3906s
	iters: 2300, epoch: 3 | loss: 0.3067613
	speed: 0.0752s/iter; left time: 17096.9267s
Epoch: 3 cost time: 176.58846402168274
Epoch: 3 | Train Loss: 0.3933908 Vali Loss: 0.7208617 Test Loss: 0.4030709 MAE Loss: 0.4222441
Updating learning rate to 9.999999999999983e-05
	iters: 100, epoch: 4 | loss: 0.3651204
	speed: 0.6560s/iter; left time: 148951.5111s
	iters: 200, epoch: 4 | loss: 0.3414536
	speed: 0.0754s/iter; left time: 17114.9869s
	iters: 300, epoch: 4 | loss: 0.3354583
	speed: 0.0754s/iter; left time: 17114.8461s
	iters: 400, epoch: 4 | loss: 0.3967018
	speed: 0.0752s/iter; left time: 17063.0207s
	iters: 500, epoch: 4 | loss: 0.5969998
	speed: 0.0755s/iter; left time: 17116.0982s
	iters: 600, epoch: 4 | loss: 0.4883713
	speed: 0.0754s/iter; left time: 17075.9307s
	iters: 700, epoch: 4 | loss: 0.2949340
	speed: 0.0753s/iter; left time: 17061.7807s
	iters: 800, epoch: 4 | loss: 0.3166497
	speed: 0.0754s/iter; left time: 17065.4609s
	iters: 900, epoch: 4 | loss: 0.3658048
	speed: 0.0754s/iter; left time: 17054.5969s
	iters: 1000, epoch: 4 | loss: 0.4246576
	speed: 0.0753s/iter; left time: 17038.5673s
	iters: 1100, epoch: 4 | loss: 0.2954132
	speed: 0.0755s/iter; left time: 17070.1689s
	iters: 1200, epoch: 4 | loss: 0.3147256
	speed: 0.0753s/iter; left time: 17021.3126s
	iters: 1300, epoch: 4 | loss: 0.3837076
	speed: 0.0753s/iter; left time: 17014.9257s
	iters: 1400, epoch: 4 | loss: 0.3732557
	speed: 0.0754s/iter; left time: 17023.8128s
	iters: 1500, epoch: 4 | loss: 0.5874940
	speed: 0.0753s/iter; left time: 16999.0733s
	iters: 1600, epoch: 4 | loss: 0.3707740
	speed: 0.0753s/iter; left time: 16990.7641s
	iters: 1700, epoch: 4 | loss: 0.2984524
	speed: 0.0753s/iter; left time: 16968.9803s
	iters: 1800, epoch: 4 | loss: 0.7029184
	speed: 0.0753s/iter; left time: 16972.8986s
	iters: 1900, epoch: 4 | loss: 0.4306882
	speed: 0.0753s/iter; left time: 16968.6165s
	iters: 2000, epoch: 4 | loss: 0.4099967
	speed: 0.0753s/iter; left time: 16946.1525s
	iters: 2100, epoch: 4 | loss: 0.2604651
	speed: 0.0753s/iter; left time: 16947.4407s
	iters: 2200, epoch: 4 | loss: 0.2985106
	speed: 0.0753s/iter; left time: 16934.3316s
	iters: 2300, epoch: 4 | loss: 0.3583854
	speed: 0.0753s/iter; left time: 16929.9070s
Epoch: 4 cost time: 176.54699754714966
Epoch: 4 | Train Loss: 0.3797615 Vali Loss: 0.7435983 Test Loss: 0.3964740 MAE Loss: 0.4195931
EarlyStopping counter: 1 out of 3
Updating learning rate to 4.9999999999999914e-05
	iters: 100, epoch: 5 | loss: 0.5632280
	speed: 0.6551s/iter; left time: 147227.9319s
	iters: 200, epoch: 5 | loss: 0.4061898
	speed: 0.0753s/iter; left time: 16920.2366s
	iters: 300, epoch: 5 | loss: 0.3089466
	speed: 0.0754s/iter; left time: 16922.7999s
	iters: 400, epoch: 5 | loss: 0.2277074
	speed: 0.0752s/iter; left time: 16881.4785s
	iters: 500, epoch: 5 | loss: 0.3127083
	speed: 0.0753s/iter; left time: 16895.8257s
	iters: 600, epoch: 5 | loss: 0.3826583
	speed: 0.0753s/iter; left time: 16887.9787s
	iters: 700, epoch: 5 | loss: 0.3081778
	speed: 0.0753s/iter; left time: 16874.9149s
	iters: 800, epoch: 5 | loss: 0.2981314
	speed: 0.0754s/iter; left time: 16891.8547s
	iters: 900, epoch: 5 | loss: 0.4261960
	speed: 0.0753s/iter; left time: 16865.9434s
	iters: 1000, epoch: 5 | loss: 0.3938684
	speed: 0.0754s/iter; left time: 16869.1126s
	iters: 1100, epoch: 5 | loss: 0.3081228
	speed: 0.0752s/iter; left time: 16835.8263s
	iters: 1200, epoch: 5 | loss: 0.3410392
	speed: 0.0753s/iter; left time: 16838.2473s
	iters: 1300, epoch: 5 | loss: 0.4810643
	speed: 0.0753s/iter; left time: 16834.9511s
	iters: 1400, epoch: 5 | loss: 0.3745854
	speed: 0.0754s/iter; left time: 16840.7311s
	iters: 1500, epoch: 5 | loss: 0.3120485
	speed: 0.0756s/iter; left time: 16874.9249s
	iters: 1600, epoch: 5 | loss: 0.2545767
	speed: 0.0754s/iter; left time: 16831.8479s
	iters: 1700, epoch: 5 | loss: 0.3037902
	speed: 0.0754s/iter; left time: 16828.0739s
	iters: 1800, epoch: 5 | loss: 0.3248581
	speed: 0.0753s/iter; left time: 16799.4886s
	iters: 1900, epoch: 5 | loss: 0.3732855
	speed: 0.0754s/iter; left time: 16817.1384s
	iters: 2000, epoch: 5 | loss: 0.5367864
	speed: 0.0755s/iter; left time: 16812.8377s
	iters: 2100, epoch: 5 | loss: 0.4080351
	speed: 0.0754s/iter; left time: 16799.9074s
	iters: 2200, epoch: 5 | loss: 0.4357878
	speed: 0.0755s/iter; left time: 16807.3418s
	iters: 2300, epoch: 5 | loss: 0.3505246
	speed: 0.0753s/iter; left time: 16766.2223s
Epoch: 5 cost time: 176.57628750801086
Epoch: 5 | Train Loss: 0.3702992 Vali Loss: 0.7352335 Test Loss: 0.3913935 MAE Loss: 0.4161594
EarlyStopping counter: 2 out of 3
Updating learning rate to 2.4999999999999957e-05
	iters: 100, epoch: 6 | loss: 0.3078881
	speed: 0.6564s/iter; left time: 145975.7973s
	iters: 200, epoch: 6 | loss: 0.4672045
	speed: 0.0757s/iter; left time: 16833.4873s
	iters: 300, epoch: 6 | loss: 0.4526877
	speed: 0.0756s/iter; left time: 16799.1688s
	iters: 400, epoch: 6 | loss: 0.4242253
	speed: 0.0757s/iter; left time: 16812.3685s
	iters: 500, epoch: 6 | loss: 0.2875239
	speed: 0.0757s/iter; left time: 16814.4216s
	iters: 600, epoch: 6 | loss: 0.2367926
	speed: 0.0755s/iter; left time: 16757.1068s
	iters: 700, epoch: 6 | loss: 0.3964461
	speed: 0.0756s/iter; left time: 16763.9327s
	iters: 800, epoch: 6 | loss: 0.3357046
	speed: 0.0756s/iter; left time: 16755.9969s
	iters: 900, epoch: 6 | loss: 0.7308276
	speed: 0.0756s/iter; left time: 16749.4239s
	iters: 1000, epoch: 6 | loss: 0.2826422
	speed: 0.0756s/iter; left time: 16743.2176s
	iters: 1100, epoch: 6 | loss: 0.3578459
	speed: 0.0754s/iter; left time: 16701.2085s
	iters: 1200, epoch: 6 | loss: 0.4815600
	speed: 0.0755s/iter; left time: 16709.9543s
	iters: 1300, epoch: 6 | loss: 0.2645732
	speed: 0.0756s/iter; left time: 16731.0146s
	iters: 1400, epoch: 6 | loss: 0.5315711
	speed: 0.0756s/iter; left time: 16705.6154s
	iters: 1500, epoch: 6 | loss: 0.3802776
	speed: 0.0755s/iter; left time: 16674.3907s
	iters: 1600, epoch: 6 | loss: 0.4976846
	speed: 0.0757s/iter; left time: 16713.9370s
	iters: 1700, epoch: 6 | loss: 0.3156874
	speed: 0.0757s/iter; left time: 16710.0047s
	iters: 1800, epoch: 6 | loss: 0.2186916
	speed: 0.0754s/iter; left time: 16646.1244s
	iters: 1900, epoch: 6 | loss: 0.2932226
	speed: 0.0756s/iter; left time: 16669.2660s
	iters: 2000, epoch: 6 | loss: 0.3271761
	speed: 0.0756s/iter; left time: 16660.4945s
	iters: 2100, epoch: 6 | loss: 0.3137964
	speed: 0.0757s/iter; left time: 16686.5248s
	iters: 2200, epoch: 6 | loss: 0.3116116
	speed: 0.0756s/iter; left time: 16656.8288s
	iters: 2300, epoch: 6 | loss: 0.3688444
	speed: 0.0758s/iter; left time: 16694.5378s
Epoch: 6 cost time: 177.16977763175964
Epoch: 6 | Train Loss: 0.3641059 Vali Loss: 0.7466593 Test Loss: 0.3917686 MAE Loss: 0.4171786
EarlyStopping counter: 3 out of 3
Early stopping
==========================================
[2026-08-26 23:24:41] Start running:
  dataset      : ETTh1
  model        : TimeLLM
  llm_model    : GPT2
  seq_len      : 512
  pred_len     : 192
  learning_rate: 0.02
  batch_size   : 24
==========================================
Downloading Model from https://www.modelscope.cn to directory: /home/Lain/.cache/modelscope/hub/models/AI-ModelScope/gpt2
	iters: 100, epoch: 1 | loss: 0.6256691
	speed: 0.0828s/iter; left time: 19146.8230s
	iters: 200, epoch: 1 | loss: 0.3644183
	speed: 0.0779s/iter; left time: 18001.9620s
	iters: 300, epoch: 1 | loss: 0.5209584
	speed: 0.0779s/iter; left time: 17998.8178s
	iters: 400, epoch: 1 | loss: 0.5007505
	speed: 0.0777s/iter; left time: 17944.3050s
	iters: 500, epoch: 1 | loss: 0.5673581
	speed: 0.0778s/iter; left time: 17968.9252s
	iters: 600, epoch: 1 | loss: 0.5498495
	speed: 0.0778s/iter; left time: 17948.1627s
	iters: 700, epoch: 1 | loss: 0.4486441
	speed: 0.0777s/iter; left time: 17914.0280s
	iters: 800, epoch: 1 | loss: 0.3218250
	speed: 0.0779s/iter; left time: 17956.1361s
	iters: 900, epoch: 1 | loss: 0.7565731
	speed: 0.0779s/iter; left time: 17947.9482s
	iters: 1000, epoch: 1 | loss: 0.9288030
	speed: 0.0779s/iter; left time: 17948.9970s
	iters: 1100, epoch: 1 | loss: 0.4016848
	speed: 0.0778s/iter; left time: 17927.8448s
	iters: 1200, epoch: 1 | loss: 0.3185497
	speed: 0.0777s/iter; left time: 17897.5336s
	iters: 1300, epoch: 1 | loss: 0.5787864
	speed: 0.0780s/iter; left time: 17941.3599s
	iters: 1400, epoch: 1 | loss: 0.3238791
	speed: 0.0778s/iter; left time: 17896.5558s
	iters: 1500, epoch: 1 | loss: 0.5270719
	speed: 0.0778s/iter; left time: 17889.8962s
	iters: 1600, epoch: 1 | loss: 0.4667142
	speed: 0.0779s/iter; left time: 17890.5335s
	iters: 1700, epoch: 1 | loss: 0.3176505
	speed: 0.0777s/iter; left time: 17851.5957s
	iters: 1800, epoch: 1 | loss: 0.4252333
	speed: 0.0778s/iter; left time: 17865.2656s
	iters: 1900, epoch: 1 | loss: 0.4177172
	speed: 0.0779s/iter; left time: 17871.0999s
	iters: 2000, epoch: 1 | loss: 0.7744315
	speed: 0.0777s/iter; left time: 17831.6766s
	iters: 2100, epoch: 1 | loss: 0.5839450
	speed: 0.0778s/iter; left time: 17835.7422s
	iters: 2200, epoch: 1 | loss: 0.4537072
	speed: 0.0779s/iter; left time: 17863.1826s
	iters: 2300, epoch: 1 | loss: 0.4086686
	speed: 0.0777s/iter; left time: 17801.5164s
Epoch: 1 cost time: 180.376323223114
Epoch: 1 | Train Loss: 0.4842667 Vali Loss: 1.1104515 Test Loss: 0.4835945 MAE Loss: 0.4724596
lr = 0.0008000000
Updating learning rate to 0.0007999999999999986
	iters: 100, epoch: 2 | loss: 0.4633094
	speed: 0.6552s/iter; left time: 150043.0796s
	iters: 200, epoch: 2 | loss: 0.3535239
	speed: 0.0758s/iter; left time: 17358.0946s
	iters: 300, epoch: 2 | loss: 0.4054779
	speed: 0.0759s/iter; left time: 17369.8254s
	iters: 400, epoch: 2 | loss: 0.4190781
	speed: 0.0758s/iter; left time: 17344.7155s
	iters: 500, epoch: 2 | loss: 0.5012278
	speed: 0.0758s/iter; left time: 17330.3154s
	iters: 600, epoch: 2 | loss: 0.5684498
	speed: 0.0757s/iter; left time: 17305.9924s
	iters: 700, epoch: 2 | loss: 0.3538833
	speed: 0.0758s/iter; left time: 17305.5340s
	iters: 800, epoch: 2 | loss: 0.3697879
	speed: 0.0757s/iter; left time: 17284.3982s
	iters: 900, epoch: 2 | loss: 0.3795176
	speed: 0.0759s/iter; left time: 17308.3752s
	iters: 1000, epoch: 2 | loss: 0.4195596
	speed: 0.0758s/iter; left time: 17278.9210s
	iters: 1100, epoch: 2 | loss: 0.5040196
	speed: 0.0758s/iter; left time: 17285.3504s
	iters: 1200, epoch: 2 | loss: 0.3771186
	speed: 0.0758s/iter; left time: 17280.1843s
	iters: 1300, epoch: 2 | loss: 0.3724083
	speed: 0.0758s/iter; left time: 17265.0520s
	iters: 1400, epoch: 2 | loss: 0.4168769
	speed: 0.0757s/iter; left time: 17247.1145s
	iters: 1500, epoch: 2 | loss: 0.4431088
	speed: 0.0756s/iter; left time: 17207.0313s
	iters: 1600, epoch: 2 | loss: 0.5195103
	speed: 0.0757s/iter; left time: 17222.3522s
	iters: 1700, epoch: 2 | loss: 0.6014550
	speed: 0.0758s/iter; left time: 17246.7993s
	iters: 1800, epoch: 2 | loss: 0.3460052
	speed: 0.0758s/iter; left time: 17223.9114s
	iters: 1900, epoch: 2 | loss: 0.4898802
	speed: 0.0759s/iter; left time: 17236.9618s
	iters: 2000, epoch: 2 | loss: 0.5806853
	speed: 0.0758s/iter; left time: 17223.9248s
	iters: 2100, epoch: 2 | loss: 0.4670124
	speed: 0.0758s/iter; left time: 17205.8439s
	iters: 2200, epoch: 2 | loss: 0.6728950
	speed: 0.0758s/iter; left time: 17204.3926s
	iters: 2300, epoch: 2 | loss: 0.4120841
	speed: 0.0758s/iter; left time: 17191.0957s
Epoch: 2 cost time: 175.56480073928833
Epoch: 2 | Train Loss: 0.4777872 Vali Loss: 1.2216803 Test Loss: 0.5541810 MAE Loss: 0.5023099
EarlyStopping counter: 1 out of 3
Updating learning rate to 0.0003999999999999993
	iters: 100, epoch: 3 | loss: 0.5688968
	speed: 0.6209s/iter; left time: 140741.8232s
	iters: 200, epoch: 3 | loss: 0.5985131
	speed: 0.0761s/iter; left time: 17232.1272s
	iters: 300, epoch: 3 | loss: 0.4536192
	speed: 0.0759s/iter; left time: 17185.5624s
	iters: 400, epoch: 3 | loss: 0.5014530
	speed: 0.0759s/iter; left time: 17179.9726s
	iters: 500, epoch: 3 | loss: 0.3858661
	speed: 0.0758s/iter; left time: 17152.1001s
	iters: 600, epoch: 3 | loss: 0.3908946
	speed: 0.0760s/iter; left time: 17197.9217s
	iters: 700, epoch: 3 | loss: 0.5413132
	speed: 0.0757s/iter; left time: 17118.2638s
	iters: 800, epoch: 3 | loss: 0.2777612
	speed: 0.0757s/iter; left time: 17106.6565s
	iters: 900, epoch: 3 | loss: 0.3621530
	speed: 0.0758s/iter; left time: 17128.8886s
	iters: 1000, epoch: 3 | loss: 0.5627604
	speed: 0.0760s/iter; left time: 17164.6194s
	iters: 1100, epoch: 3 | loss: 0.3158401
	speed: 0.0760s/iter; left time: 17141.9456s
	iters: 1200, epoch: 3 | loss: 0.4124159
	speed: 0.0758s/iter; left time: 17109.2131s
	iters: 1300, epoch: 3 | loss: 0.4354098
	speed: 0.0760s/iter; left time: 17135.1162s
	iters: 1400, epoch: 3 | loss: 0.4646046
	speed: 0.0759s/iter; left time: 17106.2044s
	iters: 1500, epoch: 3 | loss: 0.5852866
	speed: 0.0758s/iter; left time: 17075.4037s
	iters: 1600, epoch: 3 | loss: 0.5187500
	speed: 0.0758s/iter; left time: 17062.9111s
	iters: 1700, epoch: 3 | loss: 0.3811855
	speed: 0.0757s/iter; left time: 17047.8197s
	iters: 1800, epoch: 3 | loss: 0.2985179
	speed: 0.0758s/iter; left time: 17056.5807s
	iters: 1900, epoch: 3 | loss: 0.4753033
	speed: 0.0759s/iter; left time: 17060.0575s
	iters: 2000, epoch: 3 | loss: 0.4962903
	speed: 0.0760s/iter; left time: 17079.9461s
	iters: 2100, epoch: 3 | loss: 0.4657177
	speed: 0.0757s/iter; left time: 17017.3450s
	iters: 2200, epoch: 3 | loss: 0.6104168
	speed: 0.0757s/iter; left time: 17010.0722s
	iters: 2300, epoch: 3 | loss: 0.3417714
	speed: 0.0758s/iter; left time: 17024.2306s
Epoch: 3 cost time: 175.6412501335144
Epoch: 3 | Train Loss: 0.4765111 Vali Loss: 1.0820449 Test Loss: 0.4623266 MAE Loss: 0.4636245
Updating learning rate to 0.00019999999999999966
	iters: 100, epoch: 4 | loss: 0.3994170
	speed: 0.6205s/iter; left time: 139216.9841s
	iters: 200, epoch: 4 | loss: 0.7310476
	speed: 0.0757s/iter; left time: 16968.4625s
	iters: 300, epoch: 4 | loss: 0.4439031
	speed: 0.0756s/iter; left time: 16955.8189s
	iters: 400, epoch: 4 | loss: 0.4582254
	speed: 0.0757s/iter; left time: 16952.2612s
	iters: 500, epoch: 4 | loss: 0.6715609
	speed: 0.0757s/iter; left time: 16955.9991s
	iters: 600, epoch: 4 | loss: 0.4133843
	speed: 0.0758s/iter; left time: 16964.4936s
	iters: 700, epoch: 4 | loss: 0.4334143
	speed: 0.0756s/iter; left time: 16924.9662s
	iters: 800, epoch: 4 | loss: 0.2574143
	speed: 0.0758s/iter; left time: 16957.6622s
	iters: 900, epoch: 4 | loss: 0.4632093
	speed: 0.0756s/iter; left time: 16904.2173s
	iters: 1000, epoch: 4 | loss: 0.6241665
	speed: 0.0756s/iter; left time: 16882.4555s
	iters: 1100, epoch: 4 | loss: 0.4118437
	speed: 0.0757s/iter; left time: 16915.6075s
	iters: 1200, epoch: 4 | loss: 0.4771633
	speed: 0.0757s/iter; left time: 16893.7864s
	iters: 1300, epoch: 4 | loss: 0.4228402
	speed: 0.0758s/iter; left time: 16905.3276s
	iters: 1400, epoch: 4 | loss: 0.4581933
	speed: 0.0758s/iter; left time: 16915.6094s
	iters: 1500, epoch: 4 | loss: 0.5514154
	speed: 0.0756s/iter; left time: 16860.1480s
	iters: 1600, epoch: 4 | loss: 0.3257655
	speed: 0.0756s/iter; left time: 16856.3792s
	iters: 1700, epoch: 4 | loss: 0.3629149
	speed: 0.0756s/iter; left time: 16843.7711s
	iters: 1800, epoch: 4 | loss: 0.2248893
	speed: 0.0757s/iter; left time: 16857.3682s
	iters: 1900, epoch: 4 | loss: 0.4153524
	speed: 0.0756s/iter; left time: 16823.9958s
	iters: 2000, epoch: 4 | loss: 0.3228295
	speed: 0.0757s/iter; left time: 16843.5878s
	iters: 2100, epoch: 4 | loss: 0.5149110
	speed: 0.0757s/iter; left time: 16832.7909s
	iters: 2200, epoch: 4 | loss: 0.4256405
	speed: 0.0758s/iter; left time: 16842.3346s
	iters: 2300, epoch: 4 | loss: 0.4614334
	speed: 0.0757s/iter; left time: 16827.1296s
Epoch: 4 cost time: 175.2480947971344
Epoch: 4 | Train Loss: 0.4575332 Vali Loss: 1.0585034 Test Loss: 0.4485591 MAE Loss: 0.4548095
Updating learning rate to 9.999999999999983e-05
	iters: 100, epoch: 5 | loss: 0.2926780
	speed: 0.6205s/iter; left time: 137770.0359s
	iters: 200, epoch: 5 | loss: 0.5963688
	speed: 0.0759s/iter; left time: 16835.9835s
	iters: 300, epoch: 5 | loss: 0.3694519
	speed: 0.0757s/iter; left time: 16791.4486s
	iters: 400, epoch: 5 | loss: 0.4752846
	speed: 0.0758s/iter; left time: 16816.9851s
	iters: 500, epoch: 5 | loss: 0.5628814
	speed: 0.0759s/iter; left time: 16823.0572s
	iters: 600, epoch: 5 | loss: 0.5354609
	speed: 0.0759s/iter; left time: 16809.6996s
	iters: 700, epoch: 5 | loss: 0.4267793
	speed: 0.0758s/iter; left time: 16777.8421s
	iters: 800, epoch: 5 | loss: 0.5047494
	speed: 0.0759s/iter; left time: 16791.3113s
	iters: 900, epoch: 5 | loss: 0.3715874
	speed: 0.0757s/iter; left time: 16749.4691s
	iters: 1000, epoch: 5 | loss: 0.4902374
	speed: 0.0757s/iter; left time: 16732.9690s
	iters: 1100, epoch: 5 | loss: 0.5702100
	speed: 0.0758s/iter; left time: 16759.2193s
	iters: 1200, epoch: 5 | loss: 0.3567127
	speed: 0.0757s/iter; left time: 16725.5648s
	iters: 1300, epoch: 5 | loss: 0.4529195
	speed: 0.0759s/iter; left time: 16765.3261s
	iters: 1400, epoch: 5 | loss: 0.5681781
	speed: 0.0758s/iter; left time: 16735.2402s
	iters: 1500, epoch: 5 | loss: 0.6771554
	speed: 0.0758s/iter; left time: 16727.1602s
	iters: 1600, epoch: 5 | loss: 0.4518000
	speed: 0.0757s/iter; left time: 16702.8176s
	iters: 1700, epoch: 5 | loss: 0.4124983
	speed: 0.0757s/iter; left time: 16697.2987s
	iters: 1800, epoch: 5 | loss: 0.3164962
	speed: 0.0758s/iter; left time: 16697.4910s
	iters: 1900, epoch: 5 | loss: 0.4410739
	speed: 0.0757s/iter; left time: 16683.2737s
	iters: 2000, epoch: 5 | loss: 0.6492030
	speed: 0.0758s/iter; left time: 16677.7894s
	iters: 2100, epoch: 5 | loss: 0.5383442
	speed: 0.0758s/iter; left time: 16685.9146s
	iters: 2200, epoch: 5 | loss: 0.4268162
	speed: 0.0759s/iter; left time: 16698.7478s
	iters: 2300, epoch: 5 | loss: 0.6691735
	speed: 0.0758s/iter; left time: 16659.9266s
Epoch: 5 cost time: 175.48885035514832
Epoch: 5 | Train Loss: 0.4505301 Vali Loss: 1.0567530 Test Loss: 0.4418838 MAE Loss: 0.4511109
Updating learning rate to 4.9999999999999914e-05
	iters: 100, epoch: 6 | loss: 0.4608856
	speed: 0.6215s/iter; left time: 136562.1215s
	iters: 200, epoch: 6 | loss: 0.3962335
	speed: 0.0757s/iter; left time: 16628.4078s
	iters: 300, epoch: 6 | loss: 0.9829059
	speed: 0.0757s/iter; left time: 16614.1759s
	iters: 400, epoch: 6 | loss: 0.4250640
	speed: 0.0756s/iter; left time: 16580.8352s
	iters: 500, epoch: 6 | loss: 0.7079443
	speed: 0.0757s/iter; left time: 16596.1125s
	iters: 600, epoch: 6 | loss: 0.3439622
	speed: 0.0756s/iter; left time: 16584.6334s
	iters: 700, epoch: 6 | loss: 0.3739478
	speed: 0.0757s/iter; left time: 16591.3617s
	iters: 800, epoch: 6 | loss: 0.6033155
	speed: 0.0757s/iter; left time: 16571.6447s
	iters: 900, epoch: 6 | loss: 0.3177969
	speed: 0.0756s/iter; left time: 16555.0675s
	iters: 1000, epoch: 6 | loss: 0.4763912
	speed: 0.0755s/iter; left time: 16514.9161s
	iters: 1100, epoch: 6 | loss: 0.9132002
	speed: 0.0757s/iter; left time: 16560.9889s
	iters: 1200, epoch: 6 | loss: 0.4847831
	speed: 0.0755s/iter; left time: 16514.1694s
	iters: 1300, epoch: 6 | loss: 0.3127038
	speed: 0.0757s/iter; left time: 16540.7208s
	iters: 1400, epoch: 6 | loss: 0.4692667
	speed: 0.0756s/iter; left time: 16517.4518s
	iters: 1500, epoch: 6 | loss: 0.3548007
	speed: 0.0754s/iter; left time: 16470.3923s
	iters: 1600, epoch: 6 | loss: 0.2621927
	speed: 0.0754s/iter; left time: 16452.4294s
	iters: 1700, epoch: 6 | loss: 0.3851083
	speed: 0.0756s/iter; left time: 16496.9952s
	iters: 1800, epoch: 6 | loss: 0.3387077
	speed: 0.0756s/iter; left time: 16475.3840s
	iters: 1900, epoch: 6 | loss: 0.4491038
	speed: 0.0754s/iter; left time: 16441.7308s
	iters: 2000, epoch: 6 | loss: 0.4512304
	speed: 0.0756s/iter; left time: 16463.9674s
	iters: 2100, epoch: 6 | loss: 0.3563125
	speed: 0.0755s/iter; left time: 16441.9333s
	iters: 2200, epoch: 6 | loss: 0.4327626
	speed: 0.0756s/iter; left time: 16442.5629s
	iters: 2300, epoch: 6 | loss: 0.4582928
	speed: 0.0756s/iter; left time: 16451.5344s
Epoch: 6 cost time: 175.0258505344391
Epoch: 6 | Train Loss: 0.4462409 Vali Loss: 1.0687510 Test Loss: 0.4405466 MAE Loss: 0.4502732
EarlyStopping counter: 1 out of 3
Updating learning rate to 2.4999999999999957e-05
	iters: 100, epoch: 7 | loss: 0.4569702
	speed: 0.6203s/iter; left time: 134854.8616s
	iters: 200, epoch: 7 | loss: 0.5005301
	speed: 0.0757s/iter; left time: 16446.6088s
	iters: 300, epoch: 7 | loss: 0.4512399
	speed: 0.0755s/iter; left time: 16404.7303s
	iters: 400, epoch: 7 | loss: 0.4644098
	speed: 0.0756s/iter; left time: 16412.3192s
	iters: 500, epoch: 7 | loss: 0.4278616
	speed: 0.0757s/iter; left time: 16420.4810s
	iters: 600, epoch: 7 | loss: 0.4754725
	speed: 0.0755s/iter; left time: 16385.6110s
	iters: 700, epoch: 7 | loss: 0.5399917
	speed: 0.0756s/iter; left time: 16393.4540s
	iters: 800, epoch: 7 | loss: 0.6493047
	speed: 0.0757s/iter; left time: 16397.8870s
	iters: 900, epoch: 7 | loss: 0.4740297
	speed: 0.0757s/iter; left time: 16399.4814s
	iters: 1000, epoch: 7 | loss: 0.5739844
	speed: 0.0756s/iter; left time: 16371.6585s
	iters: 1100, epoch: 7 | loss: 0.6625729
	speed: 0.0756s/iter; left time: 16371.9095s
	iters: 1200, epoch: 7 | loss: 0.3159479
	speed: 0.0757s/iter; left time: 16368.2234s
	iters: 1300, epoch: 7 | loss: 0.3157635
	speed: 0.0755s/iter; left time: 16326.9619s
	iters: 1400, epoch: 7 | loss: 0.5122707
	speed: 0.0755s/iter; left time: 16325.0276s
	iters: 1500, epoch: 7 | loss: 0.3893860
	speed: 0.0755s/iter; left time: 16318.3664s
	iters: 1600, epoch: 7 | loss: 0.4067485
	speed: 0.0757s/iter; left time: 16346.5363s
	iters: 1700, epoch: 7 | loss: 0.3480941
	speed: 0.0756s/iter; left time: 16307.2514s
	iters: 1800, epoch: 7 | loss: 0.4243158
	speed: 0.0756s/iter; left time: 16310.0756s
	iters: 1900, epoch: 7 | loss: 0.5154776
	speed: 0.0755s/iter; left time: 16280.8950s
	iters: 2000, epoch: 7 | loss: 0.4908763
	speed: 0.0756s/iter; left time: 16297.6731s
	iters: 2100, epoch: 7 | loss: 0.4060945
	speed: 0.0756s/iter; left time: 16292.7144s
	iters: 2200, epoch: 7 | loss: 0.2949381
	speed: 0.0756s/iter; left time: 16284.7845s
	iters: 2300, epoch: 7 | loss: 0.5685875
	speed: 0.0756s/iter; left time: 16275.8708s
Epoch: 7 cost time: 175.06341981887817
Epoch: 7 | Train Loss: 0.4427117 Vali Loss: 1.0626196 Test Loss: 0.4387257 MAE Loss: 0.4491520
EarlyStopping counter: 2 out of 3
Updating learning rate to 1.2499999999999979e-05
	iters: 100, epoch: 8 | loss: 0.3224751
	speed: 0.6189s/iter; left time: 133125.9289s
	iters: 200, epoch: 8 | loss: 0.3354854
	speed: 0.0755s/iter; left time: 16228.8793s
	iters: 300, epoch: 8 | loss: 0.4212764
	speed: 0.0756s/iter; left time: 16236.4567s
	iters: 400, epoch: 8 | loss: 0.6480544
	speed: 0.0754s/iter; left time: 16205.8628s
	iters: 500, epoch: 8 | loss: 0.5007319
	speed: 0.0756s/iter; left time: 16232.8607s
	iters: 600, epoch: 8 | loss: 0.3944747
	speed: 0.0755s/iter; left time: 16195.9946s
	iters: 700, epoch: 8 | loss: 0.3849889
	speed: 0.0755s/iter; left time: 16195.7778s
	iters: 800, epoch: 8 | loss: 0.4048473
	speed: 0.0757s/iter; left time: 16223.5017s
	iters: 900, epoch: 8 | loss: 0.4527248
	speed: 0.0756s/iter; left time: 16191.9259s
	iters: 1000, epoch: 8 | loss: 0.3622271
	speed: 0.0756s/iter; left time: 16184.1905s
	iters: 1100, epoch: 8 | loss: 0.4898922
	speed: 0.0756s/iter; left time: 16182.8064s
	iters: 1200, epoch: 8 | loss: 0.4917140
	speed: 0.0756s/iter; left time: 16172.4071s
	iters: 1300, epoch: 8 | loss: 0.4829931
	speed: 0.0755s/iter; left time: 16152.8220s
	iters: 1400, epoch: 8 | loss: 0.4154267
	speed: 0.0755s/iter; left time: 16145.8312s
	iters: 1500, epoch: 8 | loss: 0.4056720
	speed: 0.0756s/iter; left time: 16164.7362s
	iters: 1600, epoch: 8 | loss: 0.4452842
	speed: 0.0755s/iter; left time: 16119.3308s
	iters: 1700, epoch: 8 | loss: 0.3339054
	speed: 0.0756s/iter; left time: 16141.5811s
	iters: 1800, epoch: 8 | loss: 0.4297575
	speed: 0.0755s/iter; left time: 16108.1664s
	iters: 1900, epoch: 8 | loss: 0.2886781
	speed: 0.0755s/iter; left time: 16113.0223s
	iters: 2000, epoch: 8 | loss: 0.3974766
	speed: 0.0756s/iter; left time: 16113.2135s
	iters: 2100, epoch: 8 | loss: 0.3209306
	speed: 0.0756s/iter; left time: 16101.8610s
	iters: 2200, epoch: 8 | loss: 0.5411628
	speed: 0.0756s/iter; left time: 16101.3564s
	iters: 2300, epoch: 8 | loss: 0.4495406
	speed: 0.0758s/iter; left time: 16131.2632s
Epoch: 8 cost time: 174.93170475959778
Epoch: 8 | Train Loss: 0.4380037 Vali Loss: 1.0530893 Test Loss: 0.4359137 MAE Loss: 0.4469995
Updating learning rate to 6.249999999999989e-06
	iters: 100, epoch: 9 | loss: 0.2356964
	speed: 0.6194s/iter; left time: 131801.2323s
	iters: 200, epoch: 9 | loss: 0.5741528
	speed: 0.0757s/iter; left time: 16105.0373s
	iters: 300, epoch: 9 | loss: 0.5235204
	speed: 0.0756s/iter; left time: 16065.2624s
	iters: 400, epoch: 9 | loss: 0.3687185
	speed: 0.0755s/iter; left time: 16038.8645s
	iters: 500, epoch: 9 | loss: 0.5267005
	speed: 0.0756s/iter; left time: 16049.1220s
	iters: 600, epoch: 9 | loss: 0.3643528
	speed: 0.0755s/iter; left time: 16026.4609s
	iters: 700, epoch: 9 | loss: 0.3161906
	speed: 0.0754s/iter; left time: 15997.5161s
	iters: 800, epoch: 9 | loss: 0.4160930
	speed: 0.0757s/iter; left time: 16048.7148s
	iters: 900, epoch: 9 | loss: 0.2796500
	speed: 0.0754s/iter; left time: 15982.0130s
	iters: 1000, epoch: 9 | loss: 0.3890173
	speed: 0.0755s/iter; left time: 16001.5032s
	iters: 1100, epoch: 9 | loss: 0.5041075
	speed: 0.0757s/iter; left time: 16025.6660s
	iters: 1200, epoch: 9 | loss: 0.4075247
	speed: 0.0758s/iter; left time: 16041.6659s
	iters: 1300, epoch: 9 | loss: 0.4203065
	speed: 0.0755s/iter; left time: 15979.9778s
	iters: 1400, epoch: 9 | loss: 0.4643557
	speed: 0.0756s/iter; left time: 15986.7344s
	iters: 1500, epoch: 9 | loss: 0.6319727
	speed: 0.0756s/iter; left time: 15988.1135s
	iters: 1600, epoch: 9 | loss: 0.4755415
	speed: 0.0754s/iter; left time: 15933.1884s
	iters: 1700, epoch: 9 | loss: 0.5725006
	speed: 0.0757s/iter; left time: 15983.9392s
	iters: 1800, epoch: 9 | loss: 0.4640027
	speed: 0.0755s/iter; left time: 15941.7469s
	iters: 1900, epoch: 9 | loss: 0.4793569
	speed: 0.0756s/iter; left time: 15961.1726s
	iters: 2000, epoch: 9 | loss: 0.3040723
	speed: 0.0757s/iter; left time: 15970.0260s
	iters: 2100, epoch: 9 | loss: 0.7001898
	speed: 0.0755s/iter; left time: 15916.3078s
	iters: 2200, epoch: 9 | loss: 0.5378602
	speed: 0.0756s/iter; left time: 15921.0894s
	iters: 2300, epoch: 9 | loss: 0.4415418
	speed: 0.0756s/iter; left time: 15910.8310s
Epoch: 9 cost time: 174.95538091659546
Epoch: 9 | Train Loss: 0.4367257 Vali Loss: 1.0470803 Test Loss: 0.4337050 MAE Loss: 0.4451861
Updating learning rate to 3.1249999999999946e-06
	iters: 100, epoch: 10 | loss: 0.4069575
	speed: 0.6203s/iter; left time: 130558.8207s
	iters: 200, epoch: 10 | loss: 0.5353634
	speed: 0.0755s/iter; left time: 15889.1512s
	iters: 300, epoch: 10 | loss: 0.6004531
	speed: 0.0756s/iter; left time: 15888.1729s
	iters: 400, epoch: 10 | loss: 0.4760385
	speed: 0.0755s/iter; left time: 15867.0178s
	iters: 500, epoch: 10 | loss: 0.3583495
	speed: 0.0755s/iter; left time: 15869.7445s
	iters: 600, epoch: 10 | loss: 0.3915858
	speed: 0.0757s/iter; left time: 15896.7884s
	iters: 700, epoch: 10 | loss: 0.3820180
	speed: 0.0757s/iter; left time: 15891.2197s
	iters: 800, epoch: 10 | loss: 0.5010834
	speed: 0.0755s/iter; left time: 15847.1555s
	iters: 900, epoch: 10 | loss: 0.2391990
	speed: 0.0755s/iter; left time: 15832.6545s
	iters: 1000, epoch: 10 | loss: 0.5405534
	speed: 0.0757s/iter; left time: 15860.8210s
	iters: 1100, epoch: 10 | loss: 0.3241637
	speed: 0.0755s/iter; left time: 15814.2936s
	iters: 1200, epoch: 10 | loss: 0.4361626
	speed: 0.0757s/iter; left time: 15857.3140s
	iters: 1300, epoch: 10 | loss: 0.4257053
	speed: 0.0755s/iter; left time: 15801.7368s
	iters: 1400, epoch: 10 | loss: 0.4463342
	speed: 0.0756s/iter; left time: 15823.1618s
	iters: 1500, epoch: 10 | loss: 0.3804795
	speed: 0.0756s/iter; left time: 15796.9244s
	iters: 1600, epoch: 10 | loss: 0.4079935
	speed: 0.0756s/iter; left time: 15790.3134s
	iters: 1700, epoch: 10 | loss: 0.2824656
	speed: 0.0757s/iter; left time: 15821.5533s
	iters: 1800, epoch: 10 | loss: 0.4107398
	speed: 0.0754s/iter; left time: 15749.2108s
	iters: 1900, epoch: 10 | loss: 0.7932712
	speed: 0.0755s/iter; left time: 15748.6807s
	iters: 2000, epoch: 10 | loss: 0.5353786
	speed: 0.0755s/iter; left time: 15749.5925s
	iters: 2100, epoch: 10 | loss: 0.2878210
	speed: 0.0756s/iter; left time: 15763.3194s
	iters: 2200, epoch: 10 | loss: 0.4465258
	speed: 0.0755s/iter; left time: 15742.0140s
	iters: 2300, epoch: 10 | loss: 0.3196758
	speed: 0.0757s/iter; left time: 15757.1097s
Epoch: 10 cost time: 174.98067617416382
Epoch: 10 | Train Loss: 0.4357364 Vali Loss: 1.0465942 Test Loss: 0.4330448 MAE Loss: 0.4451943
Updating learning rate to 1.5624999999999973e-06
	iters: 100, epoch: 11 | loss: 0.5532708
	speed: 0.6189s/iter; left time: 128821.8860s
	iters: 200, epoch: 11 | loss: 0.4621978
	speed: 0.0757s/iter; left time: 15740.4472s
	iters: 300, epoch: 11 | loss: 0.4051149
	speed: 0.0754s/iter; left time: 15688.7090s
	iters: 400, epoch: 11 | loss: 0.6339380
	speed: 0.0755s/iter; left time: 15691.3660s
	iters: 500, epoch: 11 | loss: 0.3926458
	speed: 0.0756s/iter; left time: 15706.7771s
	iters: 600, epoch: 11 | loss: 0.4765383
	speed: 0.0756s/iter; left time: 15708.7403s
	iters: 700, epoch: 11 | loss: 0.3804697
	speed: 0.0756s/iter; left time: 15689.2312s
	iters: 800, epoch: 11 | loss: 0.5345187
	speed: 0.0755s/iter; left time: 15658.1010s
	iters: 900, epoch: 11 | loss: 0.4050291
	speed: 0.0755s/iter; left time: 15665.6372s
	iters: 1000, epoch: 11 | loss: 0.4001637
	speed: 0.0755s/iter; left time: 15648.5577s
	iters: 1100, epoch: 11 | loss: 0.4642612
	speed: 0.0754s/iter; left time: 15624.6073s
	iters: 1200, epoch: 11 | loss: 0.3217690
	speed: 0.0755s/iter; left time: 15629.7677s
	iters: 1300, epoch: 11 | loss: 0.5023378
	speed: 0.0756s/iter; left time: 15638.9304s
	iters: 1400, epoch: 11 | loss: 0.3219754
	speed: 0.0756s/iter; left time: 15629.1368s
	iters: 1500, epoch: 11 | loss: 0.5248621
	speed: 0.0756s/iter; left time: 15621.9521s
	iters: 1600, epoch: 11 | loss: 0.3802100
	speed: 0.0756s/iter; left time: 15626.2834s
	iters: 1700, epoch: 11 | loss: 0.2755793
	speed: 0.0755s/iter; left time: 15599.6336s
	iters: 1800, epoch: 11 | loss: 0.3568697
	speed: 0.0756s/iter; left time: 15607.0579s
	iters: 1900, epoch: 11 | loss: 0.5249319
	speed: 0.0755s/iter; left time: 15570.9885s
	iters: 2000, epoch: 11 | loss: 0.5698074
	speed: 0.0755s/iter; left time: 15575.9284s
	iters: 2100, epoch: 11 | loss: 0.6669482
	speed: 0.0757s/iter; left time: 15601.8768s
	iters: 2200, epoch: 11 | loss: 0.4354314
	speed: 0.0756s/iter; left time: 15580.9362s
	iters: 2300, epoch: 11 | loss: 0.4277589
	speed: 0.0755s/iter; left time: 15556.9900s
Epoch: 11 cost time: 174.91242480278015
Epoch: 11 | Train Loss: 0.4354425 Vali Loss: 1.0449797 Test Loss: 0.4328390 MAE Loss: 0.4450509
Updating learning rate to 7.812499999999987e-07
	iters: 100, epoch: 12 | loss: 0.4870190
	speed: 0.6191s/iter; left time: 127441.7384s
	iters: 200, epoch: 12 | loss: 0.4087183
	speed: 0.0755s/iter; left time: 15526.4275s
	iters: 300, epoch: 12 | loss: 0.5713114
	speed: 0.0757s/iter; left time: 15561.5937s
	iters: 400, epoch: 12 | loss: 0.3942256
	speed: 0.0756s/iter; left time: 15535.1459s
	iters: 500, epoch: 12 | loss: 0.4430554
	speed: 0.0755s/iter; left time: 15519.1164s
	iters: 600, epoch: 12 | loss: 0.4036238
	speed: 0.0756s/iter; left time: 15523.2358s
	iters: 700, epoch: 12 | loss: 0.3701648
	speed: 0.0755s/iter; left time: 15503.2263s
	iters: 800, epoch: 12 | loss: 0.3762347
	speed: 0.0754s/iter; left time: 15465.0987s
	iters: 900, epoch: 12 | loss: 0.3449696
	speed: 0.0758s/iter; left time: 15538.0883s
	iters: 1000, epoch: 12 | loss: 0.4254360
	speed: 0.0756s/iter; left time: 15484.8322s
	iters: 1100, epoch: 12 | loss: 0.5033152
	speed: 0.0754s/iter; left time: 15454.7129s
	iters: 1200, epoch: 12 | loss: 0.4225630
	speed: 0.0756s/iter; left time: 15476.0779s
	iters: 1300, epoch: 12 | loss: 0.4500803
	speed: 0.0756s/iter; left time: 15474.9964s
	iters: 1400, epoch: 12 | loss: 0.4393949
	speed: 0.0756s/iter; left time: 15456.4247s
	iters: 1500, epoch: 12 | loss: 0.4005135
	speed: 0.0757s/iter; left time: 15468.9196s
	iters: 1600, epoch: 12 | loss: 0.5075716
	speed: 0.0757s/iter; left time: 15467.1316s
	iters: 1700, epoch: 12 | loss: 0.3321109
	speed: 0.0756s/iter; left time: 15449.7084s
	iters: 1800, epoch: 12 | loss: 0.4434264
	speed: 0.0754s/iter; left time: 15401.4292s
	iters: 1900, epoch: 12 | loss: 0.4867637
	speed: 0.0755s/iter; left time: 15411.1843s
	iters: 2000, epoch: 12 | loss: 0.2905649
	speed: 0.0754s/iter; left time: 15385.3691s
	iters: 2100, epoch: 12 | loss: 0.3258674
	speed: 0.0756s/iter; left time: 15409.1748s
	iters: 2200, epoch: 12 | loss: 0.4465280
	speed: 0.0757s/iter; left time: 15422.8443s
	iters: 2300, epoch: 12 | loss: 0.2639595
	speed: 0.0756s/iter; left time: 15401.7905s
Epoch: 12 cost time: 174.98727917671204
Epoch: 12 | Train Loss: 0.4352411 Vali Loss: 1.0447123 Test Loss: 0.4335215 MAE Loss: 0.4456807
Updating learning rate to 3.9062499999999933e-07
	iters: 100, epoch: 13 | loss: 0.4262908
	speed: 0.6188s/iter; left time: 125943.7269s
	iters: 200, epoch: 13 | loss: 0.4461311
	speed: 0.0756s/iter; left time: 15376.9122s
	iters: 300, epoch: 13 | loss: 0.5256099
	speed: 0.0756s/iter; left time: 15368.6559s
	iters: 400, epoch: 13 | loss: 0.4414990
	speed: 0.0755s/iter; left time: 15334.9117s
	iters: 500, epoch: 13 | loss: 0.4257800
	speed: 0.0755s/iter; left time: 15337.8931s
	iters: 600, epoch: 13 | loss: 0.3692150
	speed: 0.0756s/iter; left time: 15340.1298s
	iters: 700, epoch: 13 | loss: 0.4570321
	speed: 0.0756s/iter; left time: 15340.6586s
	iters: 800, epoch: 13 | loss: 0.4001283
	speed: 0.0755s/iter; left time: 15310.4792s
	iters: 900, epoch: 13 | loss: 0.6315081
	speed: 0.0754s/iter; left time: 15289.5028s
	iters: 1000, epoch: 13 | loss: 0.4838932
	speed: 0.0755s/iter; left time: 15300.6026s
	iters: 1100, epoch: 13 | loss: 0.4086851
	speed: 0.0755s/iter; left time: 15286.1152s
	iters: 1200, epoch: 13 | loss: 0.4091289
	speed: 0.0756s/iter; left time: 15311.4078s
	iters: 1300, epoch: 13 | loss: 0.3295590
	speed: 0.0755s/iter; left time: 15283.4097s
	iters: 1400, epoch: 13 | loss: 0.4407412
	speed: 0.0755s/iter; left time: 15273.4463s
	iters: 1500, epoch: 13 | loss: 0.3827239
	speed: 0.0757s/iter; left time: 15294.2064s
	iters: 1600, epoch: 13 | loss: 0.4469701
	speed: 0.0754s/iter; left time: 15234.3078s
	iters: 1700, epoch: 13 | loss: 0.5020548
	speed: 0.0757s/iter; left time: 15279.2286s
	iters: 1800, epoch: 13 | loss: 0.3949030
	speed: 0.0755s/iter; left time: 15242.8849s
	iters: 1900, epoch: 13 | loss: 0.5245089
	speed: 0.0756s/iter; left time: 15242.5030s
	iters: 2000, epoch: 13 | loss: 0.3381866
	speed: 0.0756s/iter; left time: 15234.9059s
	iters: 2100, epoch: 13 | loss: 0.3842088
	speed: 0.0756s/iter; left time: 15228.7017s
	iters: 2200, epoch: 13 | loss: 0.2999988
	speed: 0.0756s/iter; left time: 15218.8617s
	iters: 2300, epoch: 13 | loss: 0.6010634
	speed: 0.0755s/iter; left time: 15210.2523s
Epoch: 13 cost time: 174.88584780693054
Epoch: 13 | Train Loss: 0.4353808 Vali Loss: 1.0451049 Test Loss: 0.4329524 MAE Loss: 0.4452730
EarlyStopping counter: 1 out of 3
Updating learning rate to 1.9531249999999967e-07
	iters: 100, epoch: 14 | loss: 0.4916109
	speed: 0.6199s/iter; left time: 124731.0962s
	iters: 200, epoch: 14 | loss: 0.3015547
	speed: 0.0755s/iter; left time: 15186.5563s
	iters: 300, epoch: 14 | loss: 0.3695879
	speed: 0.0756s/iter; left time: 15189.1730s
	iters: 400, epoch: 14 | loss: 0.6422441
	speed: 0.0755s/iter; left time: 15177.5360s
	iters: 500, epoch: 14 | loss: 0.4831076
	speed: 0.0755s/iter; left time: 15152.9409s
	iters: 600, epoch: 14 | loss: 0.7283987
	speed: 0.0755s/iter; left time: 15152.8645s
	iters: 700, epoch: 14 | loss: 0.3530967
	speed: 0.0755s/iter; left time: 15156.2581s
	iters: 800, epoch: 14 | loss: 0.3085445
	speed: 0.0755s/iter; left time: 15140.6612s
	iters: 900, epoch: 14 | loss: 0.2724687
	speed: 0.0756s/iter; left time: 15152.9210s
	iters: 1000, epoch: 14 | loss: 0.4944699
	speed: 0.0756s/iter; left time: 15149.7075s
	iters: 1100, epoch: 14 | loss: 0.3811109
	speed: 0.0756s/iter; left time: 15136.1835s
	iters: 1200, epoch: 14 | loss: 0.4044499
	speed: 0.0756s/iter; left time: 15129.6423s
	iters: 1300, epoch: 14 | loss: 0.4081137
	speed: 0.0755s/iter; left time: 15097.4701s
	iters: 1400, epoch: 14 | loss: 0.5641906
	speed: 0.0755s/iter; left time: 15101.9735s
	iters: 1500, epoch: 14 | loss: 0.4616363
	speed: 0.0756s/iter; left time: 15115.9754s
	iters: 1600, epoch: 14 | loss: 0.3452771
	speed: 0.0757s/iter; left time: 15111.5761s
	iters: 1700, epoch: 14 | loss: 0.4566804
	speed: 0.0755s/iter; left time: 15078.9026s
	iters: 1800, epoch: 14 | loss: 0.6011696
	speed: 0.0756s/iter; left time: 15083.0398s
	iters: 1900, epoch: 14 | loss: 0.4020982
	speed: 0.0757s/iter; left time: 15098.7439s
	iters: 2000, epoch: 14 | loss: 0.2998738
	speed: 0.0755s/iter; left time: 15057.9913s
	iters: 2100, epoch: 14 | loss: 0.4396094
	speed: 0.0756s/iter; left time: 15067.8411s
	iters: 2200, epoch: 14 | loss: 0.4088558
	speed: 0.0756s/iter; left time: 15045.1810s
	iters: 2300, epoch: 14 | loss: 0.3092219
	speed: 0.0757s/iter; left time: 15058.1182s
Epoch: 14 cost time: 174.98334670066833
Epoch: 14 | Train Loss: 0.4352709 Vali Loss: 1.0449933 Test Loss: 0.4330642 MAE Loss: 0.4453783
EarlyStopping counter: 2 out of 3
Updating learning rate to 9.765624999999983e-08
	iters: 100, epoch: 15 | loss: 0.5680790
	speed: 0.6195s/iter; left time: 123220.6849s
	iters: 200, epoch: 15 | loss: 0.7500456
	speed: 0.0755s/iter; left time: 15010.4310s
	iters: 300, epoch: 15 | loss: 0.4023071
	speed: 0.0754s/iter; left time: 14988.3830s
	iters: 400, epoch: 15 | loss: 0.5644910
	speed: 0.0755s/iter; left time: 14992.8676s
	iters: 500, epoch: 15 | loss: 0.4979914
	speed: 0.0755s/iter; left time: 14985.2977s
	iters: 600, epoch: 15 | loss: 0.4556323
	speed: 0.0754s/iter; left time: 14965.6622s
	iters: 700, epoch: 15 | loss: 0.3938493
	speed: 0.0756s/iter; left time: 14984.2842s
	iters: 800, epoch: 15 | loss: 0.4509827
	speed: 0.0756s/iter; left time: 14974.6327s
	iters: 900, epoch: 15 | loss: 0.3037826
	speed: 0.0755s/iter; left time: 14957.1267s
	iters: 1000, epoch: 15 | loss: 0.5110207
	speed: 0.0755s/iter; left time: 14951.7548s
	iters: 1100, epoch: 15 | loss: 0.3873412
	speed: 0.0756s/iter; left time: 14965.2968s
	iters: 1200, epoch: 15 | loss: 0.4176239
	speed: 0.0756s/iter; left time: 14953.7509s
	iters: 1300, epoch: 15 | loss: 0.6697512
	speed: 0.0756s/iter; left time: 14950.4074s
	iters: 1400, epoch: 15 | loss: 0.4431507
	speed: 0.0756s/iter; left time: 14948.4570s
	iters: 1500, epoch: 15 | loss: 0.3949538
	speed: 0.0755s/iter; left time: 14916.3655s
	iters: 1600, epoch: 15 | loss: 0.3026483
	speed: 0.0753s/iter; left time: 14872.9194s
	iters: 1700, epoch: 15 | loss: 0.4885374
	speed: 0.0756s/iter; left time: 14914.5945s
	iters: 1800, epoch: 15 | loss: 0.4106498
	speed: 0.0754s/iter; left time: 14867.5036s
	iters: 1900, epoch: 15 | loss: 0.3865858
	speed: 0.0756s/iter; left time: 14896.8065s
	iters: 2000, epoch: 15 | loss: 0.4357715
	speed: 0.0754s/iter; left time: 14861.3374s
	iters: 2100, epoch: 15 | loss: 0.7006620
	speed: 0.0756s/iter; left time: 14879.1281s
	iters: 2200, epoch: 15 | loss: 0.4843967
	speed: 0.0755s/iter; left time: 14852.8770s
	iters: 2300, epoch: 15 | loss: 0.5830526
	speed: 0.0756s/iter; left time: 14872.0033s
Epoch: 15 cost time: 174.8640570640564
Epoch: 15 | Train Loss: 0.4353550 Vali Loss: 1.0445273 Test Loss: 0.4331044 MAE Loss: 0.4454059
Updating learning rate to 4.8828124999999916e-08
	iters: 100, epoch: 16 | loss: 0.4406470
	speed: 0.6195s/iter; left time: 121782.6018s
	iters: 200, epoch: 16 | loss: 0.4622495
	speed: 0.0756s/iter; left time: 14846.9981s
	iters: 300, epoch: 16 | loss: 0.4516487
	speed: 0.0755s/iter; left time: 14833.0048s
	iters: 400, epoch: 16 | loss: 0.3891024
	speed: 0.0756s/iter; left time: 14830.3369s
	iters: 500, epoch: 16 | loss: 0.2962628
	speed: 0.0754s/iter; left time: 14795.3300s
	iters: 600, epoch: 16 | loss: 0.5189989
	speed: 0.0755s/iter; left time: 14799.7749s
	iters: 700, epoch: 16 | loss: 0.3659799
	speed: 0.0756s/iter; left time: 14807.8632s
	iters: 800, epoch: 16 | loss: 0.4830341
	speed: 0.0756s/iter; left time: 14817.1866s
	iters: 900, epoch: 16 | loss: 0.4185563
	speed: 0.0755s/iter; left time: 14775.5545s
	iters: 1000, epoch: 16 | loss: 0.3913238
	speed: 0.0756s/iter; left time: 14786.6821s
	iters: 1100, epoch: 16 | loss: 0.4627636
	speed: 0.0755s/iter; left time: 14764.7892s
	iters: 1200, epoch: 16 | loss: 0.4304598
	speed: 0.0755s/iter; left time: 14769.1928s
	iters: 1300, epoch: 16 | loss: 0.5566908
	speed: 0.0755s/iter; left time: 14757.7881s
	iters: 1400, epoch: 16 | loss: 0.4553804
	speed: 0.0756s/iter; left time: 14754.7623s
	iters: 1500, epoch: 16 | loss: 0.3973486
	speed: 0.0755s/iter; left time: 14733.0462s
	iters: 1600, epoch: 16 | loss: 0.3932214
	speed: 0.0755s/iter; left time: 14736.2688s
	iters: 1700, epoch: 16 | loss: 0.4591968
	speed: 0.0756s/iter; left time: 14733.7928s
	iters: 1800, epoch: 16 | loss: 0.2658651
	speed: 0.0755s/iter; left time: 14715.0836s
	iters: 1900, epoch: 16 | loss: 0.7311900
	speed: 0.0755s/iter; left time: 14710.0563s
	iters: 2000, epoch: 16 | loss: 0.5437497
	speed: 0.0757s/iter; left time: 14732.2780s
	iters: 2100, epoch: 16 | loss: 0.4777949
	speed: 0.0756s/iter; left time: 14709.1179s
	iters: 2200, epoch: 16 | loss: 0.3688297
	speed: 0.0755s/iter; left time: 14691.9125s
	iters: 2300, epoch: 16 | loss: 0.3454002
	speed: 0.0755s/iter; left time: 14681.9884s
Epoch: 16 cost time: 174.88971781730652
Epoch: 16 | Train Loss: 0.4352751 Vali Loss: 1.0444816 Test Loss: 0.4331108 MAE Loss: 0.4454003
Updating learning rate to 2.4414062499999958e-08
	iters: 100, epoch: 17 | loss: 0.4961460
	speed: 0.6195s/iter; left time: 120350.6093s
	iters: 200, epoch: 17 | loss: 0.4462214
	speed: 0.0754s/iter; left time: 14647.8697s
	iters: 300, epoch: 17 | loss: 0.5890339
	speed: 0.0754s/iter; left time: 14630.9894s
	iters: 400, epoch: 17 | loss: 0.5336698
	speed: 0.0757s/iter; left time: 14685.2922s
	iters: 500, epoch: 17 | loss: 0.5128966
	speed: 0.0755s/iter; left time: 14635.4729s
	iters: 600, epoch: 17 | loss: 0.4743482
	speed: 0.0756s/iter; left time: 14657.9398s
	iters: 700, epoch: 17 | loss: 0.4247299
	speed: 0.0755s/iter; left time: 14619.7999s
	iters: 800, epoch: 17 | loss: 0.3809196
	speed: 0.0756s/iter; left time: 14640.6863s
	iters: 900, epoch: 17 | loss: 0.5618941
	speed: 0.0757s/iter; left time: 14636.5425s
	iters: 1000, epoch: 17 | loss: 0.4006039
	speed: 0.0755s/iter; left time: 14602.7818s
	iters: 1100, epoch: 17 | loss: 0.3270293
	speed: 0.0755s/iter; left time: 14597.4441s
	iters: 1200, epoch: 17 | loss: 0.5065540
	speed: 0.0754s/iter; left time: 14560.3100s
	iters: 1300, epoch: 17 | loss: 0.4124537
	speed: 0.0755s/iter; left time: 14571.2614s
	iters: 1400, epoch: 17 | loss: 0.4333715
	speed: 0.0755s/iter; left time: 14566.1912s
	iters: 1500, epoch: 17 | loss: 0.5445181
	speed: 0.0755s/iter; left time: 14569.3356s
	iters: 1600, epoch: 17 | loss: 0.3857045
	speed: 0.0755s/iter; left time: 14560.0579s
	iters: 1700, epoch: 17 | loss: 0.4183018
	speed: 0.0755s/iter; left time: 14539.6522s
	iters: 1800, epoch: 17 | loss: 0.5609798
	speed: 0.0755s/iter; left time: 14537.2296s
	iters: 1900, epoch: 17 | loss: 0.4620968
	speed: 0.0755s/iter; left time: 14538.7900s
	iters: 2000, epoch: 17 | loss: 0.4152619
	speed: 0.0755s/iter; left time: 14531.6291s
	iters: 2100, epoch: 17 | loss: 0.3740647
	speed: 0.0755s/iter; left time: 14508.4491s
	iters: 2200, epoch: 17 | loss: 0.4953646
	speed: 0.0755s/iter; left time: 14505.7250s
	iters: 2300, epoch: 17 | loss: 0.3785222
	speed: 0.0756s/iter; left time: 14522.7585s
Epoch: 17 cost time: 174.86730241775513
Epoch: 17 | Train Loss: 0.4349355 Vali Loss: 1.0446331 Test Loss: 0.4331196 MAE Loss: 0.4454150
EarlyStopping counter: 1 out of 3
Updating learning rate to 1.2207031249999979e-08
	iters: 100, epoch: 18 | loss: 0.3660371
	speed: 0.6192s/iter; left time: 118858.9565s
	iters: 200, epoch: 18 | loss: 0.2958771
	speed: 0.0756s/iter; left time: 14498.8933s
	iters: 300, epoch: 18 | loss: 0.4889916
	speed: 0.0756s/iter; left time: 14488.3102s
	iters: 400, epoch: 18 | loss: 0.3927734
	speed: 0.0756s/iter; left time: 14486.2909s
	iters: 500, epoch: 18 | loss: 0.2848467
	speed: 0.0755s/iter; left time: 14458.2734s
	iters: 600, epoch: 18 | loss: 0.3579966
	speed: 0.0755s/iter; left time: 14461.7746s
	iters: 700, epoch: 18 | loss: 0.4709819
	speed: 0.0757s/iter; left time: 14487.7161s
	iters: 800, epoch: 18 | loss: 0.4863281
	speed: 0.0755s/iter; left time: 14436.9655s
	iters: 900, epoch: 18 | loss: 0.4368280
	speed: 0.0756s/iter; left time: 14459.5067s
	iters: 1000, epoch: 18 | loss: 0.4076388
	speed: 0.0757s/iter; left time: 14461.7503s
	iters: 1100, epoch: 18 | loss: 0.4079516
	speed: 0.0757s/iter; left time: 14449.9811s
	iters: 1200, epoch: 18 | loss: 0.4479469
	speed: 0.0755s/iter; left time: 14417.4118s
	iters: 1300, epoch: 18 | loss: 0.3182543
	speed: 0.0755s/iter; left time: 14399.0575s
	iters: 1400, epoch: 18 | loss: 0.3069296
	speed: 0.0757s/iter; left time: 14424.0129s
	iters: 1500, epoch: 18 | loss: 0.4662768
	speed: 0.0756s/iter; left time: 14404.5068s
	iters: 1600, epoch: 18 | loss: 0.3820019
	speed: 0.0756s/iter; left time: 14406.2247s
	iters: 1700, epoch: 18 | loss: 0.5105960
	speed: 0.0757s/iter; left time: 14417.3305s
	iters: 1800, epoch: 18 | loss: 0.4045796
	speed: 0.0757s/iter; left time: 14398.3238s
	iters: 1900, epoch: 18 | loss: 0.3095041
	speed: 0.0756s/iter; left time: 14375.0614s
	iters: 2000, epoch: 18 | loss: 0.4250321
	speed: 0.0756s/iter; left time: 14365.6215s
	iters: 2100, epoch: 18 | loss: 0.5518249
	speed: 0.0757s/iter; left time: 14377.9326s
	iters: 2200, epoch: 18 | loss: 0.3645332
	speed: 0.0755s/iter; left time: 14339.8476s
	iters: 2300, epoch: 18 | loss: 0.3668661
	speed: 0.0756s/iter; left time: 14348.2100s
Epoch: 18 cost time: 175.0213623046875
Epoch: 18 | Train Loss: 0.4355159 Vali Loss: 1.0446543 Test Loss: 0.4331220 MAE Loss: 0.4454195
EarlyStopping counter: 2 out of 3
Updating learning rate to 6.1035156249999895e-09
	iters: 100, epoch: 19 | loss: 0.3702354
	speed: 0.6206s/iter; left time: 117703.1271s
	iters: 200, epoch: 19 | loss: 0.4346379
	speed: 0.0757s/iter; left time: 14340.6636s
	iters: 300, epoch: 19 | loss: 0.6001304
	speed: 0.0757s/iter; left time: 14346.9926s
	iters: 400, epoch: 19 | loss: 0.3660477
	speed: 0.0757s/iter; left time: 14325.0664s
	iters: 500, epoch: 19 | loss: 0.5938069
	speed: 0.0758s/iter; left time: 14336.3879s
	iters: 600, epoch: 19 | loss: 0.3846469
	speed: 0.0756s/iter; left time: 14300.1545s
	iters: 700, epoch: 19 | loss: 0.4716130
	speed: 0.0757s/iter; left time: 14307.1473s
	iters: 800, epoch: 19 | loss: 0.3572027
	speed: 0.0756s/iter; left time: 14279.7029s
	iters: 900, epoch: 19 | loss: 0.3795961
	speed: 0.0757s/iter; left time: 14287.0771s
	iters: 1000, epoch: 19 | loss: 0.4243024
	speed: 0.0758s/iter; left time: 14309.4174s
	iters: 1100, epoch: 19 | loss: 0.4518402
	speed: 0.0757s/iter; left time: 14289.2906s
	iters: 1200, epoch: 19 | loss: 0.5141523
	speed: 0.0757s/iter; left time: 14277.9894s
	iters: 1300, epoch: 19 | loss: 0.3538952
	speed: 0.0757s/iter; left time: 14270.5350s
	iters: 1400, epoch: 19 | loss: 0.4045020
	speed: 0.0757s/iter; left time: 14262.1079s
	iters: 1500, epoch: 19 | loss: 0.3057038
	speed: 0.0758s/iter; left time: 14263.4053s
	iters: 1600, epoch: 19 | loss: 0.3327394
	speed: 0.0757s/iter; left time: 14251.4718s
	iters: 1700, epoch: 19 | loss: 0.3775546
	speed: 0.0757s/iter; left time: 14234.3381s
	iters: 1800, epoch: 19 | loss: 0.3879394
	speed: 0.0758s/iter; left time: 14246.8406s
	iters: 1900, epoch: 19 | loss: 0.3246092
	speed: 0.0757s/iter; left time: 14214.5243s
	iters: 2000, epoch: 19 | loss: 0.5566576
	speed: 0.0757s/iter; left time: 14218.3387s
	iters: 2100, epoch: 19 | loss: 0.4201949
	speed: 0.0757s/iter; left time: 14213.4168s
	iters: 2200, epoch: 19 | loss: 0.4200491
	speed: 0.0757s/iter; left time: 14198.0163s
	iters: 2300, epoch: 19 | loss: 0.5233768
	speed: 0.0758s/iter; left time: 14216.2133s
Epoch: 19 cost time: 175.40119218826294
Epoch: 19 | Train Loss: 0.4348078 Vali Loss: 1.0441091 Test Loss: 0.4331111 MAE Loss: 0.4454156
Updating learning rate to 3.0517578124999948e-09
	iters: 100, epoch: 20 | loss: 0.6246432
	speed: 0.6201s/iter; left time: 116168.8570s
	iters: 200, epoch: 20 | loss: 0.3702347
	speed: 0.0758s/iter; left time: 14183.2696s
	iters: 300, epoch: 20 | loss: 0.3529938
	speed: 0.0754s/iter; left time: 14117.9296s
	iters: 400, epoch: 20 | loss: 0.2721814
	speed: 0.0756s/iter; left time: 14139.9293s
	iters: 500, epoch: 20 | loss: 0.3368415
	speed: 0.0755s/iter; left time: 14110.3999s
	iters: 600, epoch: 20 | loss: 0.3894120
	speed: 0.0755s/iter; left time: 14110.3695s
	iters: 700, epoch: 20 | loss: 0.4759746
	speed: 0.0756s/iter; left time: 14109.7340s
	iters: 800, epoch: 20 | loss: 0.5102364
	speed: 0.0756s/iter; left time: 14100.9498s
	iters: 900, epoch: 20 | loss: 0.7341712
	speed: 0.0757s/iter; left time: 14127.2054s
	iters: 1000, epoch: 20 | loss: 0.4394275
	speed: 0.0755s/iter; left time: 14076.0318s
	iters: 1100, epoch: 20 | loss: 0.3978024
	speed: 0.0757s/iter; left time: 14102.2266s
	iters: 1200, epoch: 20 | loss: 0.6082508
	speed: 0.0757s/iter; left time: 14096.2741s
	iters: 1300, epoch: 20 | loss: 0.3559056
	speed: 0.0757s/iter; left time: 14089.6197s
	iters: 1400, epoch: 20 | loss: 0.3963726
	speed: 0.0755s/iter; left time: 14048.7352s
	iters: 1500, epoch: 20 | loss: 0.3575397
	speed: 0.0757s/iter; left time: 14074.0262s
	iters: 1600, epoch: 20 | loss: 0.3264284
	speed: 0.0756s/iter; left time: 14057.9238s
	iters: 1700, epoch: 20 | loss: 0.4616703
	speed: 0.0755s/iter; left time: 14020.7889s
	iters: 1800, epoch: 20 | loss: 0.6363298
	speed: 0.0756s/iter; left time: 14037.6422s
	iters: 1900, epoch: 20 | loss: 0.5548355
	speed: 0.0755s/iter; left time: 14012.6720s
	iters: 2000, epoch: 20 | loss: 0.4043829
	speed: 0.0756s/iter; left time: 14014.2030s
	iters: 2100, epoch: 20 | loss: 0.4915071
	speed: 0.0757s/iter; left time: 14033.0298s
	iters: 2200, epoch: 20 | loss: 0.2663892
	speed: 0.0760s/iter; left time: 14083.0685s
	iters: 2300, epoch: 20 | loss: 0.4240250
	speed: 0.0757s/iter; left time: 14019.3655s
Epoch: 20 cost time: 175.0915138721466
Epoch: 20 | Train Loss: 0.4353845 Vali Loss: 1.0447653 Test Loss: 0.4331116 MAE Loss: 0.4454125
EarlyStopping counter: 1 out of 3
Updating learning rate to 1.5258789062499974e-09
	iters: 100, epoch: 21 | loss: 0.3922725
	speed: 0.6213s/iter; left time: 114949.3837s
	iters: 200, epoch: 21 | loss: 0.3731984
	speed: 0.0756s/iter; left time: 13981.9930s
	iters: 300, epoch: 21 | loss: 0.3136818
	speed: 0.0758s/iter; left time: 14002.6382s
	iters: 400, epoch: 21 | loss: 0.5002283
	speed: 0.0756s/iter; left time: 13970.1167s
	iters: 500, epoch: 21 | loss: 0.4772992
	speed: 0.0757s/iter; left time: 13966.7033s
	iters: 600, epoch: 21 | loss: 0.5650960
	speed: 0.0756s/iter; left time: 13953.1807s
	iters: 700, epoch: 21 | loss: 0.3833130
	speed: 0.0756s/iter; left time: 13944.2980s
	iters: 800, epoch: 21 | loss: 0.3943255
	speed: 0.0757s/iter; left time: 13946.8760s
	iters: 900, epoch: 21 | loss: 0.4616978
	speed: 0.0758s/iter; left time: 13956.1415s
	iters: 1000, epoch: 21 | loss: 0.3546624
	speed: 0.0755s/iter; left time: 13909.6814s
	iters: 1100, epoch: 21 | loss: 0.3692609
	speed: 0.0756s/iter; left time: 13912.2512s
	iters: 1200, epoch: 21 | loss: 0.5014648
	speed: 0.0755s/iter; left time: 13894.5700s
	iters: 1300, epoch: 21 | loss: 0.5015835
	speed: 0.0757s/iter; left time: 13906.5768s
	iters: 1400, epoch: 21 | loss: 0.2963002
	speed: 0.0757s/iter; left time: 13903.7711s
	iters: 1500, epoch: 21 | loss: 0.4903570
	speed: 0.0757s/iter; left time: 13903.2949s
	iters: 1600, epoch: 21 | loss: 0.4113552
	speed: 0.0756s/iter; left time: 13874.3494s
	iters: 1700, epoch: 21 | loss: 0.4026900
	speed: 0.0755s/iter; left time: 13855.4818s
	iters: 1800, epoch: 21 | loss: 0.4139087
	speed: 0.0756s/iter; left time: 13866.2368s
	iters: 1900, epoch: 21 | loss: 0.3100479
	speed: 0.0756s/iter; left time: 13855.5368s
	iters: 2000, epoch: 21 | loss: 0.5301569
	speed: 0.0755s/iter; left time: 13827.0356s
	iters: 2100, epoch: 21 | loss: 0.4169024
	speed: 0.0756s/iter; left time: 13842.2251s
	iters: 2200, epoch: 21 | loss: 0.4253424
	speed: 0.0755s/iter; left time: 13818.4082s
	iters: 2300, epoch: 21 | loss: 0.4605272
	speed: 0.0756s/iter; left time: 13819.2359s
Epoch: 21 cost time: 175.0927267074585
Epoch: 21 | Train Loss: 0.4351880 Vali Loss: 1.0448650 Test Loss: 0.4331126 MAE Loss: 0.4454137
EarlyStopping counter: 2 out of 3
Updating learning rate to 7.629394531249987e-10
	iters: 100, epoch: 22 | loss: 0.6013147
	speed: 0.6201s/iter; left time: 113292.5513s
	iters: 200, epoch: 22 | loss: 0.6389914
	speed: 0.0756s/iter; left time: 13796.6817s
	iters: 300, epoch: 22 | loss: 0.3918958
	speed: 0.0756s/iter; left time: 13806.1891s
	iters: 400, epoch: 22 | loss: 0.4230508
	speed: 0.0756s/iter; left time: 13786.1929s
	iters: 500, epoch: 22 | loss: 0.4690390
	speed: 0.0755s/iter; left time: 13770.9920s
	iters: 600, epoch: 22 | loss: 0.4364986
	speed: 0.0757s/iter; left time: 13792.7861s
	iters: 700, epoch: 22 | loss: 0.3897404
	speed: 0.0757s/iter; left time: 13779.3935s
	iters: 800, epoch: 22 | loss: 0.3910473
	speed: 0.0757s/iter; left time: 13769.3638s
	iters: 900, epoch: 22 | loss: 0.4209655
	speed: 0.0757s/iter; left time: 13768.2125s
	iters: 1000, epoch: 22 | loss: 0.6299551
	speed: 0.0754s/iter; left time: 13716.3959s
	iters: 1100, epoch: 22 | loss: 0.4418203
	speed: 0.0756s/iter; left time: 13730.3697s
	iters: 1200, epoch: 22 | loss: 0.3170568
	speed: 0.0755s/iter; left time: 13715.0205s
	iters: 1300, epoch: 22 | loss: 0.3663732
	speed: 0.0757s/iter; left time: 13734.1230s
	iters: 1400, epoch: 22 | loss: 0.5317287
	speed: 0.0756s/iter; left time: 13712.5379s
	iters: 1500, epoch: 22 | loss: 0.4836320
	speed: 0.0755s/iter; left time: 13693.0772s
	iters: 1600, epoch: 22 | loss: 0.7251945
	speed: 0.0756s/iter; left time: 13695.1483s
	iters: 1700, epoch: 22 | loss: 0.4328307
	speed: 0.0755s/iter; left time: 13676.5897s
	iters: 1800, epoch: 22 | loss: 0.5615618
	speed: 0.0755s/iter; left time: 13667.9501s
	iters: 1900, epoch: 22 | loss: 0.3374600
	speed: 0.0754s/iter; left time: 13647.9289s
	iters: 2000, epoch: 22 | loss: 0.3416201
	speed: 0.0755s/iter; left time: 13650.8271s
	iters: 2100, epoch: 22 | loss: 0.4843684
	speed: 0.0757s/iter; left time: 13674.3096s
	iters: 2200, epoch: 22 | loss: 0.4523427
	speed: 0.0754s/iter; left time: 13623.4745s
	iters: 2300, epoch: 22 | loss: 0.3825196
	speed: 0.0756s/iter; left time: 13648.7516s
Epoch: 22 cost time: 174.96936345100403
Epoch: 22 | Train Loss: 0.4348226 Vali Loss: 1.0449578 Test Loss: 0.4331124 MAE Loss: 0.4454138
EarlyStopping counter: 3 out of 3
Early stopping
==========================================
[2026-08-27 00:48:46] Start running:
  dataset      : ETTh1
  model        : TimeLLM
  llm_model    : GPT2
  seq_len      : 512
  pred_len     : 336
  learning_rate: 0.001
  batch_size   : 24
==========================================
Downloading Model from https://www.modelscope.cn to directory: /home/Lain/.cache/modelscope/hub/models/AI-ModelScope/gpt2
	iters: 100, epoch: 1 | loss: 0.5742043
	speed: 0.0826s/iter; left time: 18764.8570s
	iters: 200, epoch: 1 | loss: 0.5851627
	speed: 0.0777s/iter; left time: 17632.5152s
	iters: 300, epoch: 1 | loss: 0.6616575
	speed: 0.0776s/iter; left time: 17615.3319s
	iters: 400, epoch: 1 | loss: 0.3848664
	speed: 0.0776s/iter; left time: 17605.1785s
	iters: 500, epoch: 1 | loss: 0.5624429
	speed: 0.0776s/iter; left time: 17594.7984s
	iters: 600, epoch: 1 | loss: 0.5632194
	speed: 0.0777s/iter; left time: 17611.1625s
	iters: 700, epoch: 1 | loss: 0.6104394
	speed: 0.0777s/iter; left time: 17587.9849s
	iters: 800, epoch: 1 | loss: 0.4640135
	speed: 0.0775s/iter; left time: 17554.6498s
	iters: 900, epoch: 1 | loss: 0.3792661
	speed: 0.0776s/iter; left time: 17570.5296s
	iters: 1000, epoch: 1 | loss: 0.6085503
	speed: 0.0777s/iter; left time: 17586.8281s
	iters: 1100, epoch: 1 | loss: 0.4426317
	speed: 0.0777s/iter; left time: 17572.0033s
	iters: 1200, epoch: 1 | loss: 0.6658840
	speed: 0.0777s/iter; left time: 17551.8401s
	iters: 1300, epoch: 1 | loss: 0.4087369
	speed: 0.0775s/iter; left time: 17517.4384s
	iters: 1400, epoch: 1 | loss: 0.4278020
	speed: 0.0778s/iter; left time: 17574.4837s
	iters: 1500, epoch: 1 | loss: 0.4065403
	speed: 0.0779s/iter; left time: 17577.5290s
	iters: 1600, epoch: 1 | loss: 0.7054538
	speed: 0.0778s/iter; left time: 17561.6315s
	iters: 1700, epoch: 1 | loss: 0.5763176
	speed: 0.0775s/iter; left time: 17481.4743s
	iters: 1800, epoch: 1 | loss: 0.5045325
	speed: 0.0777s/iter; left time: 17508.0789s
	iters: 1900, epoch: 1 | loss: 0.4408345
	speed: 0.0777s/iter; left time: 17500.8695s
	iters: 2000, epoch: 1 | loss: 0.6202863
	speed: 0.0776s/iter; left time: 17485.9349s
	iters: 2100, epoch: 1 | loss: 0.5296463
	speed: 0.0777s/iter; left time: 17481.9115s
	iters: 2200, epoch: 1 | loss: 0.6234052
	speed: 0.0776s/iter; left time: 17466.6646s
Epoch: 1 cost time: 176.7851631641388
Epoch: 1 | Train Loss: 0.5450805 Vali Loss: 1.4099715 Test Loss: 0.5297172 MAE Loss: 0.5045971
lr = 0.0009938442
	iters: 100, epoch: 2 | loss: 0.4677428
	speed: 0.6659s/iter; left time: 149717.6474s
	iters: 200, epoch: 2 | loss: 0.6230422
	speed: 0.0755s/iter; left time: 16965.0977s
	iters: 300, epoch: 2 | loss: 0.4217227
	speed: 0.0755s/iter; left time: 16949.9918s
	iters: 400, epoch: 2 | loss: 0.8136162
	speed: 0.0756s/iter; left time: 16968.0739s
	iters: 500, epoch: 2 | loss: 0.4375093
	speed: 0.0756s/iter; left time: 16975.0570s
	iters: 600, epoch: 2 | loss: 0.5535774
	speed: 0.0756s/iter; left time: 16957.1153s
	iters: 700, epoch: 2 | loss: 0.5318277
	speed: 0.0755s/iter; left time: 16937.4752s
	iters: 800, epoch: 2 | loss: 0.4363015
	speed: 0.0755s/iter; left time: 16916.8296s
	iters: 900, epoch: 2 | loss: 0.6496748
	speed: 0.0755s/iter; left time: 16917.8022s
	iters: 1000, epoch: 2 | loss: 0.5415246
	speed: 0.0755s/iter; left time: 16909.0147s
	iters: 1100, epoch: 2 | loss: 0.4621179
	speed: 0.0756s/iter; left time: 16910.4257s
	iters: 1200, epoch: 2 | loss: 0.6961067
	speed: 0.0754s/iter; left time: 16875.6661s
	iters: 1300, epoch: 2 | loss: 0.6090389
	speed: 0.0755s/iter; left time: 16888.6163s
	iters: 1400, epoch: 2 | loss: 0.7660549
	speed: 0.0756s/iter; left time: 16888.7763s
	iters: 1500, epoch: 2 | loss: 0.4333574
	speed: 0.0757s/iter; left time: 16914.3380s
	iters: 1600, epoch: 2 | loss: 0.6648902
	speed: 0.0755s/iter; left time: 16858.9907s
	iters: 1700, epoch: 2 | loss: 0.6156066
	speed: 0.0755s/iter; left time: 16853.7314s
	iters: 1800, epoch: 2 | loss: 0.6405219
	speed: 0.0755s/iter; left time: 16850.3436s
	iters: 1900, epoch: 2 | loss: 0.5008442
	speed: 0.0756s/iter; left time: 16865.2467s
	iters: 2000, epoch: 2 | loss: 0.5993466
	speed: 0.0755s/iter; left time: 16826.7518s
	iters: 2100, epoch: 2 | loss: 0.7146593
	speed: 0.0755s/iter; left time: 16827.1823s
	iters: 2200, epoch: 2 | loss: 0.5625108
	speed: 0.0756s/iter; left time: 16827.7740s
Epoch: 2 cost time: 171.75189185142517
Epoch: 2 | Train Loss: 0.5363896 Vali Loss: 1.3414859 Test Loss: 0.5230095 MAE Loss: 0.5029922
lr = 0.0009755285
	iters: 100, epoch: 3 | loss: 0.4172043
	speed: 0.6330s/iter; left time: 140870.2141s
	iters: 200, epoch: 3 | loss: 0.5117067
	speed: 0.0755s/iter; left time: 16789.2073s
	iters: 300, epoch: 3 | loss: 0.6625275
	speed: 0.0756s/iter; left time: 16816.4193s
	iters: 400, epoch: 3 | loss: 0.5609006
	speed: 0.0757s/iter; left time: 16827.9515s
	iters: 500, epoch: 3 | loss: 0.4298644
	speed: 0.0756s/iter; left time: 16788.0272s
	iters: 600, epoch: 3 | loss: 0.4553448
	speed: 0.0755s/iter; left time: 16763.7792s
	iters: 700, epoch: 3 | loss: 0.5686089
	speed: 0.0755s/iter; left time: 16767.7307s
	iters: 800, epoch: 3 | loss: 0.6130623
	speed: 0.0754s/iter; left time: 16732.7275s
	iters: 900, epoch: 3 | loss: 0.3380976
	speed: 0.0756s/iter; left time: 16758.7320s
	iters: 1000, epoch: 3 | loss: 0.4889552
	speed: 0.0756s/iter; left time: 16752.4706s
	iters: 1100, epoch: 3 | loss: 0.5259472
	speed: 0.0755s/iter; left time: 16722.6213s
	iters: 1200, epoch: 3 | loss: 0.4688362
	speed: 0.0757s/iter; left time: 16767.1010s
	iters: 1300, epoch: 3 | loss: 0.4898946
	speed: 0.0756s/iter; left time: 16723.8566s
	iters: 1400, epoch: 3 | loss: 0.4535784
	speed: 0.0755s/iter; left time: 16712.0059s
	iters: 1500, epoch: 3 | loss: 0.4916352
	speed: 0.0756s/iter; left time: 16719.0578s
	iters: 1600, epoch: 3 | loss: 0.5167340
	speed: 0.0755s/iter; left time: 16696.7814s
	iters: 1700, epoch: 3 | loss: 0.4491700
	speed: 0.0756s/iter; left time: 16693.4774s
	iters: 1800, epoch: 3 | loss: 0.5847372
	speed: 0.0756s/iter; left time: 16688.9743s
	iters: 1900, epoch: 3 | loss: 0.3729208
	speed: 0.0755s/iter; left time: 16670.3992s
	iters: 2000, epoch: 3 | loss: 0.7481431
	speed: 0.0756s/iter; left time: 16673.6378s
	iters: 2100, epoch: 3 | loss: 0.5085371
	speed: 0.0755s/iter; left time: 16644.7267s
	iters: 2200, epoch: 3 | loss: 0.7335204
	speed: 0.0755s/iter; left time: 16654.4322s
Epoch: 3 cost time: 171.7695860862732
Epoch: 3 | Train Loss: 0.5297746 Vali Loss: 1.3434489 Test Loss: 0.5390979 MAE Loss: 0.5162355
EarlyStopping counter: 1 out of 3
lr = 0.0009455038
	iters: 100, epoch: 4 | loss: 0.3602461
	speed: 0.6328s/iter; left time: 139391.8055s
	iters: 200, epoch: 4 | loss: 0.5997373
	speed: 0.0755s/iter; left time: 16628.2012s
	iters: 300, epoch: 4 | loss: 0.4309422
	speed: 0.0755s/iter; left time: 16606.2923s
	iters: 400, epoch: 4 | loss: 0.7810429
	speed: 0.0756s/iter; left time: 16634.8908s
	iters: 500, epoch: 4 | loss: 0.4972821
	speed: 0.0759s/iter; left time: 16692.7161s
	iters: 600, epoch: 4 | loss: 0.5782464
	speed: 0.0757s/iter; left time: 16631.2743s
	iters: 700, epoch: 4 | loss: 0.3326053
	speed: 0.0755s/iter; left time: 16575.6179s
	iters: 800, epoch: 4 | loss: 0.4795745
	speed: 0.0756s/iter; left time: 16600.9175s
	iters: 900, epoch: 4 | loss: 0.4173801
	speed: 0.0757s/iter; left time: 16622.2991s
	iters: 1000, epoch: 4 | loss: 0.7003665
	speed: 0.0757s/iter; left time: 16599.7084s
	iters: 1100, epoch: 4 | loss: 0.3476394
	speed: 0.0755s/iter; left time: 16560.9245s
	iters: 1200, epoch: 4 | loss: 0.4938655
	speed: 0.0755s/iter; left time: 16556.2925s
	iters: 1300, epoch: 4 | loss: 0.6971168
	speed: 0.0757s/iter; left time: 16585.2327s
	iters: 1400, epoch: 4 | loss: 0.5009567
	speed: 0.0758s/iter; left time: 16588.5482s
	iters: 1500, epoch: 4 | loss: 0.4111841
	speed: 0.0758s/iter; left time: 16580.8775s
	iters: 1600, epoch: 4 | loss: 0.4907875
	speed: 0.0757s/iter; left time: 16556.9813s
	iters: 1700, epoch: 4 | loss: 0.4018491
	speed: 0.0757s/iter; left time: 16547.5689s
	iters: 1800, epoch: 4 | loss: 0.3773751
	speed: 0.0757s/iter; left time: 16545.3986s
	iters: 1900, epoch: 4 | loss: 0.7478436
	speed: 0.0756s/iter; left time: 16520.9362s
	iters: 2000, epoch: 4 | loss: 0.5332454
	speed: 0.0756s/iter; left time: 16510.4422s
	iters: 2100, epoch: 4 | loss: 0.5495602
	speed: 0.0756s/iter; left time: 16495.6245s
	iters: 2200, epoch: 4 | loss: 0.4180473
	speed: 0.0758s/iter; left time: 16532.6367s
Epoch: 4 cost time: 171.9610619544983
Epoch: 4 | Train Loss: 0.5273298 Vali Loss: 1.3173093 Test Loss: 0.4782708 MAE Loss: 0.4775111
lr = 0.0009045095
	iters: 100, epoch: 5 | loss: 0.5533167
	speed: 0.6337s/iter; left time: 138163.5151s
	iters: 200, epoch: 5 | loss: 0.5149447
	speed: 0.0756s/iter; left time: 16472.4240s
	iters: 300, epoch: 5 | loss: 0.3928699
	speed: 0.0754s/iter; left time: 16426.8448s
	iters: 400, epoch: 5 | loss: 0.6250765
	speed: 0.0757s/iter; left time: 16485.0358s
	iters: 500, epoch: 5 | loss: 0.5138260
	speed: 0.0755s/iter; left time: 16438.4863s
	iters: 600, epoch: 5 | loss: 0.6761567
	speed: 0.0756s/iter; left time: 16436.0705s
	iters: 700, epoch: 5 | loss: 0.4570691
	speed: 0.0755s/iter; left time: 16414.0609s
	iters: 800, epoch: 5 | loss: 0.5064077
	speed: 0.0756s/iter; left time: 16426.5431s
	iters: 900, epoch: 5 | loss: 0.6555476
	speed: 0.0756s/iter; left time: 16431.7089s
	iters: 1000, epoch: 5 | loss: 0.3985380
	speed: 0.0757s/iter; left time: 16433.6018s
	iters: 1100, epoch: 5 | loss: 0.3837957
	speed: 0.0756s/iter; left time: 16397.8448s
	iters: 1200, epoch: 5 | loss: 0.7327319
	speed: 0.0758s/iter; left time: 16436.4142s
	iters: 1300, epoch: 5 | loss: 0.5314255
	speed: 0.0756s/iter; left time: 16387.2829s
	iters: 1400, epoch: 5 | loss: 0.4056956
	speed: 0.0755s/iter; left time: 16371.7285s
	iters: 1500, epoch: 5 | loss: 0.5235605
	speed: 0.0755s/iter; left time: 16361.3402s
	iters: 1600, epoch: 5 | loss: 0.4844642
	speed: 0.0758s/iter; left time: 16410.9078s
	iters: 1700, epoch: 5 | loss: 0.4486428
	speed: 0.0758s/iter; left time: 16400.2179s
	iters: 1800, epoch: 5 | loss: 0.3613308
	speed: 0.0757s/iter; left time: 16382.7181s
	iters: 1900, epoch: 5 | loss: 0.4486773
	speed: 0.0755s/iter; left time: 16327.8636s
	iters: 2000, epoch: 5 | loss: 0.4404033
	speed: 0.0758s/iter; left time: 16371.4440s
	iters: 2100, epoch: 5 | loss: 0.5718685
	speed: 0.0755s/iter; left time: 16299.0555s
	iters: 2200, epoch: 5 | loss: 0.6447648
	speed: 0.0757s/iter; left time: 16336.1253s
Epoch: 5 cost time: 171.88799571990967
Epoch: 5 | Train Loss: 0.5278011 Vali Loss: 1.3480970 Test Loss: 0.5330675 MAE Loss: 0.5079710
EarlyStopping counter: 1 out of 3
lr = 0.0008535549
	iters: 100, epoch: 6 | loss: 0.5855483
	speed: 0.6351s/iter; left time: 137023.0706s
	iters: 200, epoch: 6 | loss: 0.4219207
	speed: 0.0757s/iter; left time: 16324.7629s
	iters: 300, epoch: 6 | loss: 0.4081562
	speed: 0.0756s/iter; left time: 16293.4755s
	iters: 400, epoch: 6 | loss: 0.4546252
	speed: 0.0757s/iter; left time: 16308.2949s
	iters: 500, epoch: 6 | loss: 0.3478917
	speed: 0.0755s/iter; left time: 16260.2205s
	iters: 600, epoch: 6 | loss: 0.5663181
	speed: 0.0756s/iter; left time: 16267.8139s
	iters: 700, epoch: 6 | loss: 0.8248763
	speed: 0.0756s/iter; left time: 16269.4370s
	iters: 800, epoch: 6 | loss: 0.7921180
	speed: 0.0755s/iter; left time: 16236.5265s
	iters: 900, epoch: 6 | loss: 0.5237190
	speed: 0.0756s/iter; left time: 16253.7801s
	iters: 1000, epoch: 6 | loss: 0.6045921
	speed: 0.0755s/iter; left time: 16229.5924s
	iters: 1100, epoch: 6 | loss: 0.3780512
	speed: 0.0757s/iter; left time: 16251.7834s
	iters: 1200, epoch: 6 | loss: 0.4849307
	speed: 0.0758s/iter; left time: 16264.9752s
	iters: 1300, epoch: 6 | loss: 0.6363837
	speed: 0.0757s/iter; left time: 16231.9459s
	iters: 1400, epoch: 6 | loss: 0.4301564
	speed: 0.0758s/iter; left time: 16245.9504s
	iters: 1500, epoch: 6 | loss: 0.4937729
	speed: 0.0756s/iter; left time: 16214.3479s
	iters: 1600, epoch: 6 | loss: 0.4606596
	speed: 0.0755s/iter; left time: 16183.8124s
	iters: 1700, epoch: 6 | loss: 0.4695396
	speed: 0.0757s/iter; left time: 16215.8185s
	iters: 1800, epoch: 6 | loss: 0.4011785
	speed: 0.0757s/iter; left time: 16200.0412s
	iters: 1900, epoch: 6 | loss: 0.5102172
	speed: 0.0757s/iter; left time: 16187.4029s
	iters: 2000, epoch: 6 | loss: 0.7720558
	speed: 0.0757s/iter; left time: 16184.3446s
	iters: 2100, epoch: 6 | loss: 0.4391494
	speed: 0.0756s/iter; left time: 16162.1599s
	iters: 2200, epoch: 6 | loss: 0.5975653
	speed: 0.0756s/iter; left time: 16145.2271s
Epoch: 6 cost time: 171.951562166214
Epoch: 6 | Train Loss: 0.5311467 Vali Loss: 1.2968434 Test Loss: 0.4948244 MAE Loss: 0.4905848
lr = 0.0007938947
	iters: 100, epoch: 7 | loss: 0.5331362
	speed: 0.6345s/iter; left time: 135451.0235s
	iters: 200, epoch: 7 | loss: 0.4504588
	speed: 0.0757s/iter; left time: 16154.2679s
	iters: 300, epoch: 7 | loss: 0.6010102
	speed: 0.0756s/iter; left time: 16115.2122s
	iters: 400, epoch: 7 | loss: 0.4316115
	speed: 0.0757s/iter; left time: 16138.7604s
	iters: 500, epoch: 7 | loss: 0.5825540
	speed: 0.0757s/iter; left time: 16127.6778s
	iters: 600, epoch: 7 | loss: 0.4913498
	speed: 0.0756s/iter; left time: 16095.3005s
	iters: 700, epoch: 7 | loss: 0.3337712
	speed: 0.0755s/iter; left time: 16082.0881s
	iters: 800, epoch: 7 | loss: 0.3878251
	speed: 0.0757s/iter; left time: 16103.6633s
	iters: 900, epoch: 7 | loss: 0.4925961
	speed: 0.0757s/iter; left time: 16103.5356s
	iters: 1000, epoch: 7 | loss: 0.4865744
	speed: 0.0757s/iter; left time: 16092.1548s
	iters: 1100, epoch: 7 | loss: 0.4586166
	speed: 0.0757s/iter; left time: 16089.9647s
	iters: 1200, epoch: 7 | loss: 0.3564249
	speed: 0.0757s/iter; left time: 16084.8233s
	iters: 1300, epoch: 7 | loss: 0.6276779
	speed: 0.0755s/iter; left time: 16019.0708s
	iters: 1400, epoch: 7 | loss: 0.4651211
	speed: 0.0756s/iter; left time: 16033.5014s
	iters: 1500, epoch: 7 | loss: 0.4741403
	speed: 0.0758s/iter; left time: 16070.7998s
	iters: 1600, epoch: 7 | loss: 0.4982305
	speed: 0.0758s/iter; left time: 16059.9919s
	iters: 1700, epoch: 7 | loss: 0.3681634
	speed: 0.0756s/iter; left time: 16014.5297s
	iters: 1800, epoch: 7 | loss: 0.5635219
	speed: 0.0758s/iter; left time: 16056.0303s
	iters: 1900, epoch: 7 | loss: 0.4465506
	speed: 0.0757s/iter; left time: 16027.7145s
	iters: 2000, epoch: 7 | loss: 0.5040282
	speed: 0.0757s/iter; left time: 16009.7398s
	iters: 2100, epoch: 7 | loss: 0.5347829
	speed: 0.0757s/iter; left time: 16010.2950s
	iters: 2200, epoch: 7 | loss: 0.4093066
	speed: 0.0757s/iter; left time: 16002.2050s
Epoch: 7 cost time: 172.05112075805664
Epoch: 7 | Train Loss: 0.5260286 Vali Loss: 1.3041374 Test Loss: 0.4863030 MAE Loss: 0.4859829
EarlyStopping counter: 1 out of 3
lr = 0.0007269980
	iters: 100, epoch: 8 | loss: 0.5535288
	speed: 0.6350s/iter; left time: 134100.3043s
	iters: 200, epoch: 8 | loss: 0.5020246
	speed: 0.0757s/iter; left time: 15987.5267s
	iters: 300, epoch: 8 | loss: 0.3713333
	speed: 0.0756s/iter; left time: 15942.1641s
	iters: 400, epoch: 8 | loss: 0.5071996
	speed: 0.0758s/iter; left time: 15992.1258s
	iters: 500, epoch: 8 | loss: 0.4241566
	speed: 0.0758s/iter; left time: 15980.5037s
	iters: 600, epoch: 8 | loss: 0.3886722
	speed: 0.0756s/iter; left time: 15933.9385s
	iters: 700, epoch: 8 | loss: 0.4215114
	speed: 0.0756s/iter; left time: 15922.3442s
	iters: 800, epoch: 8 | loss: 0.5833921
	speed: 0.0758s/iter; left time: 15946.0693s
	iters: 900, epoch: 8 | loss: 0.5878634
	speed: 0.0756s/iter; left time: 15903.3314s
	iters: 1000, epoch: 8 | loss: 0.4840180
	speed: 0.0758s/iter; left time: 15933.5647s
	iters: 1100, epoch: 8 | loss: 0.6092625
	speed: 0.0758s/iter; left time: 15940.1214s
	iters: 1200, epoch: 8 | loss: 0.5627586
	speed: 0.0757s/iter; left time: 15912.7100s
	iters: 1300, epoch: 8 | loss: 0.4478132
	speed: 0.0756s/iter; left time: 15867.2331s
	iters: 1400, epoch: 8 | loss: 0.6524426
	speed: 0.0758s/iter; left time: 15904.4279s
	iters: 1500, epoch: 8 | loss: 0.5634093
	speed: 0.0758s/iter; left time: 15903.2197s
	iters: 1600, epoch: 8 | loss: 0.4523084
	speed: 0.0760s/iter; left time: 15929.4060s
	iters: 1700, epoch: 8 | loss: 0.5396018
	speed: 0.0756s/iter; left time: 15854.5290s
	iters: 1800, epoch: 8 | loss: 0.5069908
	speed: 0.0757s/iter; left time: 15859.5741s
	iters: 1900, epoch: 8 | loss: 0.6735858
	speed: 0.0758s/iter; left time: 15871.2775s
	iters: 2000, epoch: 8 | loss: 0.5438703
	speed: 0.0759s/iter; left time: 15876.9999s
	iters: 2100, epoch: 8 | loss: 0.4716368
	speed: 0.0757s/iter; left time: 15841.2947s
	iters: 2200, epoch: 8 | loss: 0.4761309
	speed: 0.0758s/iter; left time: 15848.7269s
Epoch: 8 cost time: 172.19394731521606
Epoch: 8 | Train Loss: 0.5263104 Vali Loss: 1.3035494 Test Loss: 0.5079019 MAE Loss: 0.4968614
EarlyStopping counter: 2 out of 3
lr = 0.0006545120
	iters: 100, epoch: 9 | loss: 0.5325187
	speed: 0.6356s/iter; left time: 132798.5957s
	iters: 200, epoch: 9 | loss: 0.3785315
	speed: 0.0755s/iter; left time: 15773.0391s
	iters: 300, epoch: 9 | loss: 0.4992723
	speed: 0.0756s/iter; left time: 15784.3285s
	iters: 400, epoch: 9 | loss: 0.6787657
	speed: 0.0756s/iter; left time: 15768.3114s
	iters: 500, epoch: 9 | loss: 0.4636995
	speed: 0.0757s/iter; left time: 15791.1025s
	iters: 600, epoch: 9 | loss: 0.3486208
	speed: 0.0757s/iter; left time: 15775.4910s
	iters: 700, epoch: 9 | loss: 0.6506514
	speed: 0.0756s/iter; left time: 15747.6146s
	iters: 800, epoch: 9 | loss: 0.4963711
	speed: 0.0758s/iter; left time: 15778.7148s
	iters: 900, epoch: 9 | loss: 0.4605830
	speed: 0.0758s/iter; left time: 15770.2960s
	iters: 1000, epoch: 9 | loss: 0.5122002
	speed: 0.0755s/iter; left time: 15701.8755s
	iters: 1100, epoch: 9 | loss: 0.4871404
	speed: 0.0758s/iter; left time: 15766.9120s
	iters: 1200, epoch: 9 | loss: 0.4279169
	speed: 0.0757s/iter; left time: 15733.5425s
	iters: 1300, epoch: 9 | loss: 0.5318472
	speed: 0.0756s/iter; left time: 15714.3087s
	iters: 1400, epoch: 9 | loss: 0.5718787
	speed: 0.0758s/iter; left time: 15739.6589s
	iters: 1500, epoch: 9 | loss: 0.5223257
	speed: 0.0757s/iter; left time: 15716.5272s
	iters: 1600, epoch: 9 | loss: 0.5039219
	speed: 0.0756s/iter; left time: 15675.0586s
	iters: 1700, epoch: 9 | loss: 0.6424540
	speed: 0.0756s/iter; left time: 15683.4686s
	iters: 1800, epoch: 9 | loss: 0.7266926
	speed: 0.0756s/iter; left time: 15659.0302s
	iters: 1900, epoch: 9 | loss: 0.4401826
	speed: 0.0757s/iter; left time: 15688.3905s
	iters: 2000, epoch: 9 | loss: 0.4131912
	speed: 0.0756s/iter; left time: 15657.3451s
	iters: 2100, epoch: 9 | loss: 0.3757676
	speed: 0.0755s/iter; left time: 15615.8205s
	iters: 2200, epoch: 9 | loss: 0.5016969
	speed: 0.0757s/iter; left time: 15655.2145s
Epoch: 9 cost time: 171.99297308921814
Epoch: 9 | Train Loss: 0.5210412 Vali Loss: 1.2957187 Test Loss: 0.4744275 MAE Loss: 0.4737359
lr = 0.0005782215
	iters: 100, epoch: 10 | loss: 0.6416678
	speed: 0.6344s/iter; left time: 131090.8867s
	iters: 200, epoch: 10 | loss: 0.5432169
	speed: 0.0756s/iter; left time: 15605.6097s
	iters: 300, epoch: 10 | loss: 0.6348990
	speed: 0.0757s/iter; left time: 15623.5387s
	iters: 400, epoch: 10 | loss: 0.6849510
	speed: 0.0755s/iter; left time: 15586.6430s
	iters: 500, epoch: 10 | loss: 0.5248746
	speed: 0.0755s/iter; left time: 15580.3558s
	iters: 600, epoch: 10 | loss: 0.6414694
	speed: 0.0756s/iter; left time: 15587.2345s
	iters: 700, epoch: 10 | loss: 0.4861685
	speed: 0.0756s/iter; left time: 15567.8005s
	iters: 800, epoch: 10 | loss: 0.6169985
	speed: 0.0757s/iter; left time: 15583.0698s
	iters: 900, epoch: 10 | loss: 0.4736795
	speed: 0.0756s/iter; left time: 15554.4004s
	iters: 1000, epoch: 10 | loss: 0.4722990
	speed: 0.0756s/iter; left time: 15551.2181s
	iters: 1100, epoch: 10 | loss: 0.6911222
	speed: 0.0756s/iter; left time: 15557.6197s
	iters: 1200, epoch: 10 | loss: 0.5050519
	speed: 0.0756s/iter; left time: 15543.4857s
	iters: 1300, epoch: 10 | loss: 0.4037114
	speed: 0.0763s/iter; left time: 15681.0061s
	iters: 1400, epoch: 10 | loss: 0.4478405
	speed: 0.0756s/iter; left time: 15524.8683s
	iters: 1500, epoch: 10 | loss: 0.7483600
	speed: 0.0756s/iter; left time: 15523.7228s
	iters: 1600, epoch: 10 | loss: 0.6254426
	speed: 0.0756s/iter; left time: 15517.3657s
	iters: 1700, epoch: 10 | loss: 0.5775247
	speed: 0.0758s/iter; left time: 15538.7903s
	iters: 1800, epoch: 10 | loss: 0.3544886
	speed: 0.0756s/iter; left time: 15493.6204s
	iters: 1900, epoch: 10 | loss: 0.5411333
	speed: 0.0758s/iter; left time: 15536.2080s
	iters: 2000, epoch: 10 | loss: 0.5648108
	speed: 0.0758s/iter; left time: 15527.1438s
	iters: 2100, epoch: 10 | loss: 0.3976532
	speed: 0.0756s/iter; left time: 15478.8880s
	iters: 2200, epoch: 10 | loss: 0.4775145
	speed: 0.0759s/iter; left time: 15517.2442s
Epoch: 10 cost time: 172.0492570400238
Epoch: 10 | Train Loss: 0.5086524 Vali Loss: 1.3446805 Test Loss: 0.4583287 MAE Loss: 0.4636369
EarlyStopping counter: 1 out of 3
lr = 0.0005000050
	iters: 100, epoch: 11 | loss: 0.4734958
	speed: 0.6347s/iter; left time: 129716.9676s
	iters: 200, epoch: 11 | loss: 0.5616593
	speed: 0.0758s/iter; left time: 15481.7113s
	iters: 300, epoch: 11 | loss: 0.5633738
	speed: 0.0756s/iter; left time: 15440.6517s
	iters: 400, epoch: 11 | loss: 0.5177316
	speed: 0.0756s/iter; left time: 15436.9119s
	iters: 500, epoch: 11 | loss: 0.7358776
	speed: 0.0756s/iter; left time: 15420.1392s
	iters: 600, epoch: 11 | loss: 0.3624925
	speed: 0.0754s/iter; left time: 15375.1078s
	iters: 700, epoch: 11 | loss: 0.3896531
	speed: 0.0755s/iter; left time: 15384.2309s
	iters: 800, epoch: 11 | loss: 0.4473057
	speed: 0.0754s/iter; left time: 15365.4293s
	iters: 900, epoch: 11 | loss: 0.5737652
	speed: 0.0756s/iter; left time: 15394.7235s
	iters: 1000, epoch: 11 | loss: 0.5237709
	speed: 0.0760s/iter; left time: 15458.6498s
	iters: 1100, epoch: 11 | loss: 0.3576366
	speed: 0.0756s/iter; left time: 15381.8019s
	iters: 1200, epoch: 11 | loss: 0.4072219
	speed: 0.0755s/iter; left time: 15353.7203s
	iters: 1300, epoch: 11 | loss: 0.4148038
	speed: 0.0755s/iter; left time: 15342.0794s
	iters: 1400, epoch: 11 | loss: 0.5371705
	speed: 0.0756s/iter; left time: 15361.5356s
	iters: 1500, epoch: 11 | loss: 0.4254732
	speed: 0.0757s/iter; left time: 15361.4464s
	iters: 1600, epoch: 11 | loss: 0.4826569
	speed: 0.0755s/iter; left time: 15318.7222s
	iters: 1700, epoch: 11 | loss: 0.6874002
	speed: 0.0759s/iter; left time: 15384.9121s
	iters: 1800, epoch: 11 | loss: 0.5522225
	speed: 0.0761s/iter; left time: 15432.8853s
	iters: 1900, epoch: 11 | loss: 0.7581497
	speed: 0.0757s/iter; left time: 15337.5855s
	iters: 2000, epoch: 11 | loss: 0.5472240
	speed: 0.0756s/iter; left time: 15303.0068s
	iters: 2100, epoch: 11 | loss: 0.7357261
	speed: 0.0757s/iter; left time: 15321.7060s
	iters: 2200, epoch: 11 | loss: 0.5777354
	speed: 0.0756s/iter; left time: 15294.7169s
Epoch: 11 cost time: 171.97914242744446
Epoch: 11 | Train Loss: 0.5011194 Vali Loss: 1.2954069 Test Loss: 0.4843235 MAE Loss: 0.4823089
lr = 0.0004217885
	iters: 100, epoch: 12 | loss: 0.5265750
	speed: 0.6348s/iter; left time: 128292.0587s
	iters: 200, epoch: 12 | loss: 0.4458128
	speed: 0.0756s/iter; left time: 15274.6520s
	iters: 300, epoch: 12 | loss: 0.7783139
	speed: 0.0756s/iter; left time: 15263.5347s
	iters: 400, epoch: 12 | loss: 0.4201976
	speed: 0.0757s/iter; left time: 15276.3811s
	iters: 500, epoch: 12 | loss: 0.4006045
	speed: 0.0757s/iter; left time: 15261.9050s
	iters: 600, epoch: 12 | loss: 0.4101850
	speed: 0.0756s/iter; left time: 15232.6575s
	iters: 700, epoch: 12 | loss: 0.5165406
	speed: 0.0755s/iter; left time: 15209.0732s
	iters: 800, epoch: 12 | loss: 0.3996113
	speed: 0.0755s/iter; left time: 15203.9179s
	iters: 900, epoch: 12 | loss: 0.3367343
	speed: 0.0756s/iter; left time: 15216.4669s
	iters: 1000, epoch: 12 | loss: 0.4887820
	speed: 0.0757s/iter; left time: 15224.5115s
	iters: 1100, epoch: 12 | loss: 0.4630648
	speed: 0.0755s/iter; left time: 15177.2243s
	iters: 1200, epoch: 12 | loss: 0.5016980
	speed: 0.0757s/iter; left time: 15223.1471s
	iters: 1300, epoch: 12 | loss: 0.5274552
	speed: 0.0756s/iter; left time: 15194.8994s
	iters: 1400, epoch: 12 | loss: 0.4302745
	speed: 0.0756s/iter; left time: 15182.5928s
	iters: 1500, epoch: 12 | loss: 0.4041977
	speed: 0.0759s/iter; left time: 15231.4246s
	iters: 1600, epoch: 12 | loss: 0.4064994
	speed: 0.0757s/iter; left time: 15184.3415s
	iters: 1700, epoch: 12 | loss: 0.6401408
	speed: 0.0756s/iter; left time: 15151.3851s
	iters: 1800, epoch: 12 | loss: 0.3453170
	speed: 0.0758s/iter; left time: 15200.6916s
	iters: 1900, epoch: 12 | loss: 0.3858501
	speed: 0.0757s/iter; left time: 15156.8384s
	iters: 2000, epoch: 12 | loss: 0.4002218
	speed: 0.0756s/iter; left time: 15128.4913s
	iters: 2100, epoch: 12 | loss: 0.7027040
	speed: 0.0756s/iter; left time: 15132.3219s
	iters: 2200, epoch: 12 | loss: 0.4620732
	speed: 0.0758s/iter; left time: 15165.0534s
Epoch: 12 cost time: 171.97370862960815
Epoch: 12 | Train Loss: 0.4953400 Vali Loss: 1.2930586 Test Loss: 0.4552337 MAE Loss: 0.4624577
lr = 0.0003454980
	iters: 100, epoch: 13 | loss: 0.4384091
	speed: 0.6346s/iter; left time: 126820.0679s
	iters: 200, epoch: 13 | loss: 0.6885932
	speed: 0.0756s/iter; left time: 15107.3531s
	iters: 300, epoch: 13 | loss: 0.3780560
	speed: 0.0756s/iter; left time: 15091.9531s
	iters: 400, epoch: 13 | loss: 0.4823187
	speed: 0.0756s/iter; left time: 15094.0841s
	iters: 500, epoch: 13 | loss: 0.4701580
	speed: 0.0757s/iter; left time: 15098.7844s
	iters: 600, epoch: 13 | loss: 0.4187479
	speed: 0.0757s/iter; left time: 15091.7432s
	iters: 700, epoch: 13 | loss: 0.3760931
	speed: 0.0756s/iter; left time: 15063.1978s
	iters: 800, epoch: 13 | loss: 0.3860431
	speed: 0.0757s/iter; left time: 15070.6442s
	iters: 900, epoch: 13 | loss: 0.4193446
	speed: 0.0755s/iter; left time: 15030.3362s
	iters: 1000, epoch: 13 | loss: 0.4068979
	speed: 0.0755s/iter; left time: 15028.2709s
	iters: 1100, epoch: 13 | loss: 0.5721731
	speed: 0.0758s/iter; left time: 15067.3546s
	iters: 1200, epoch: 13 | loss: 0.2993474
	speed: 0.0757s/iter; left time: 15037.7160s
	iters: 1300, epoch: 13 | loss: 0.4652146
	speed: 0.0756s/iter; left time: 15018.2860s
	iters: 1400, epoch: 13 | loss: 0.3168710
	speed: 0.0756s/iter; left time: 15005.9227s
	iters: 1500, epoch: 13 | loss: 0.5253435
	speed: 0.0757s/iter; left time: 15018.7366s
	iters: 1600, epoch: 13 | loss: 0.5768923
	speed: 0.0757s/iter; left time: 15006.3992s
	iters: 1700, epoch: 13 | loss: 0.6879341
	speed: 0.0755s/iter; left time: 14969.5231s
	iters: 1800, epoch: 13 | loss: 0.6005060
	speed: 0.0757s/iter; left time: 14996.6456s
	iters: 1900, epoch: 13 | loss: 0.5222731
	speed: 0.0756s/iter; left time: 14978.2611s
	iters: 2000, epoch: 13 | loss: 0.4489790
	speed: 0.0757s/iter; left time: 14983.1866s
	iters: 2100, epoch: 13 | loss: 0.5651693
	speed: 0.0757s/iter; left time: 14967.1111s
	iters: 2200, epoch: 13 | loss: 0.4453581
	speed: 0.0756s/iter; left time: 14952.2945s
Epoch: 13 cost time: 171.95465564727783
Epoch: 13 | Train Loss: 0.4885922 Vali Loss: 1.3144204 Test Loss: 0.4629280 MAE Loss: 0.4673259
EarlyStopping counter: 1 out of 3
lr = 0.0002730120
	iters: 100, epoch: 14 | loss: 0.3436649
	speed: 0.6343s/iter; left time: 125321.6068s
	iters: 200, epoch: 14 | loss: 0.2691363
	speed: 0.0756s/iter; left time: 14929.1142s
	iters: 300, epoch: 14 | loss: 0.3450557
	speed: 0.0755s/iter; left time: 14904.4035s
	iters: 400, epoch: 14 | loss: 0.5111585
	speed: 0.0756s/iter; left time: 14911.3460s
	iters: 500, epoch: 14 | loss: 0.4749019
	speed: 0.0758s/iter; left time: 14942.5567s
	iters: 600, epoch: 14 | loss: 0.4665498
	speed: 0.0756s/iter; left time: 14897.2503s
	iters: 700, epoch: 14 | loss: 0.3431181
	speed: 0.0757s/iter; left time: 14906.0272s
	iters: 800, epoch: 14 | loss: 0.4663475
	speed: 0.0758s/iter; left time: 14924.4194s
	iters: 900, epoch: 14 | loss: 0.6026782
	speed: 0.0757s/iter; left time: 14886.0277s
	iters: 1000, epoch: 14 | loss: 0.3380603
	speed: 0.0756s/iter; left time: 14865.0024s
	iters: 1100, epoch: 14 | loss: 0.6521327
	speed: 0.0756s/iter; left time: 14854.0992s
	iters: 1200, epoch: 14 | loss: 0.3968118
	speed: 0.0756s/iter; left time: 14847.4590s
	iters: 1300, epoch: 14 | loss: 0.7239006
	speed: 0.0757s/iter; left time: 14866.3412s
	iters: 1400, epoch: 14 | loss: 0.5681395
	speed: 0.0756s/iter; left time: 14843.4283s
	iters: 1500, epoch: 14 | loss: 0.5779822
	speed: 0.0758s/iter; left time: 14866.7532s
	iters: 1600, epoch: 14 | loss: 0.6150537
	speed: 0.0757s/iter; left time: 14851.0418s
	iters: 1700, epoch: 14 | loss: 0.5635046
	speed: 0.0757s/iter; left time: 14832.0540s
	iters: 1800, epoch: 14 | loss: 0.3942434
	speed: 0.0756s/iter; left time: 14815.8569s
	iters: 1900, epoch: 14 | loss: 0.5178836
	speed: 0.0758s/iter; left time: 14845.4909s
	iters: 2000, epoch: 14 | loss: 0.5516768
	speed: 0.0756s/iter; left time: 14799.2719s
	iters: 2100, epoch: 14 | loss: 0.6664059
	speed: 0.0757s/iter; left time: 14797.5371s
	iters: 2200, epoch: 14 | loss: 0.6082122
	speed: 0.0757s/iter; left time: 14797.4483s
Epoch: 14 cost time: 172.0208170413971
Epoch: 14 | Train Loss: 0.4843366 Vali Loss: 1.2960154 Test Loss: 0.4482955 MAE Loss: 0.4569277
EarlyStopping counter: 2 out of 3
lr = 0.0002061153
	iters: 100, epoch: 15 | loss: 0.3682534
	speed: 0.6345s/iter; left time: 123910.9525s
	iters: 200, epoch: 15 | loss: 0.4885677
	speed: 0.0756s/iter; left time: 14765.7456s
	iters: 300, epoch: 15 | loss: 0.4762477
	speed: 0.0755s/iter; left time: 14737.9539s
	iters: 400, epoch: 15 | loss: 0.7128179
	speed: 0.0756s/iter; left time: 14734.6920s
	iters: 500, epoch: 15 | loss: 0.3918152
	speed: 0.0756s/iter; left time: 14739.4643s
	iters: 600, epoch: 15 | loss: 0.6034724
	speed: 0.0756s/iter; left time: 14728.7912s
	iters: 700, epoch: 15 | loss: 0.3648418
	speed: 0.0756s/iter; left time: 14711.6534s
	iters: 800, epoch: 15 | loss: 0.4866021
	speed: 0.0758s/iter; left time: 14756.5123s
	iters: 900, epoch: 15 | loss: 0.4369622
	speed: 0.0757s/iter; left time: 14716.4964s
	iters: 1000, epoch: 15 | loss: 0.3616306
	speed: 0.0757s/iter; left time: 14710.7809s
	iters: 1100, epoch: 15 | loss: 0.4682941
	speed: 0.0756s/iter; left time: 14679.5001s
	iters: 1200, epoch: 15 | loss: 0.6012717
	speed: 0.0756s/iter; left time: 14682.4000s
	iters: 1300, epoch: 15 | loss: 0.5011882
	speed: 0.0755s/iter; left time: 14652.3712s
	iters: 1400, epoch: 15 | loss: 0.6872174
	speed: 0.0756s/iter; left time: 14669.8719s
	iters: 1500, epoch: 15 | loss: 0.6543275
	speed: 0.0756s/iter; left time: 14651.1653s
	iters: 1600, epoch: 15 | loss: 0.4324731
	speed: 0.0756s/iter; left time: 14642.2196s
	iters: 1700, epoch: 15 | loss: 0.4735123
	speed: 0.0757s/iter; left time: 14656.7833s
	iters: 1800, epoch: 15 | loss: 0.4687783
	speed: 0.0756s/iter; left time: 14634.9693s
	iters: 1900, epoch: 15 | loss: 0.3310938
	speed: 0.0757s/iter; left time: 14639.3657s
	iters: 2000, epoch: 15 | loss: 0.4798517
	speed: 0.0755s/iter; left time: 14603.6816s
	iters: 2100, epoch: 15 | loss: 0.4339590
	speed: 0.0756s/iter; left time: 14621.9524s
	iters: 2200, epoch: 15 | loss: 0.3225220
	speed: 0.0756s/iter; left time: 14596.4742s
Epoch: 15 cost time: 171.8934245109558
Epoch: 15 | Train Loss: 0.4807099 Vali Loss: 1.2907767 Test Loss: 0.4518907 MAE Loss: 0.4604064
lr = 0.0001464551
	iters: 100, epoch: 16 | loss: 0.4849399
	speed: 0.6339s/iter; left time: 122354.6840s
	iters: 200, epoch: 16 | loss: 0.4256276
	speed: 0.0757s/iter; left time: 14613.2364s
	iters: 300, epoch: 16 | loss: 0.4995604
	speed: 0.0755s/iter; left time: 14563.3297s
	iters: 400, epoch: 16 | loss: 0.4069180
	speed: 0.0757s/iter; left time: 14592.5939s
	iters: 500, epoch: 16 | loss: 0.8337133
	speed: 0.0756s/iter; left time: 14556.3178s
	iters: 600, epoch: 16 | loss: 0.4189242
	speed: 0.0756s/iter; left time: 14561.8604s
	iters: 700, epoch: 16 | loss: 0.3013311
	speed: 0.0757s/iter; left time: 14562.7054s
	iters: 800, epoch: 16 | loss: 0.4545756
	speed: 0.0757s/iter; left time: 14558.9912s
	iters: 900, epoch: 16 | loss: 0.3256134
	speed: 0.0755s/iter; left time: 14512.1891s
	iters: 1000, epoch: 16 | loss: 0.3360704
	speed: 0.0757s/iter; left time: 14542.9096s
	iters: 1100, epoch: 16 | loss: 0.5905410
	speed: 0.0756s/iter; left time: 14524.2549s
	iters: 1200, epoch: 16 | loss: 0.4276153
	speed: 0.0756s/iter; left time: 14510.6689s
	iters: 1300, epoch: 16 | loss: 0.5518639
	speed: 0.0756s/iter; left time: 14501.6931s
	iters: 1400, epoch: 16 | loss: 0.5016807
	speed: 0.0755s/iter; left time: 14483.8415s
	iters: 1500, epoch: 16 | loss: 0.6103278
	speed: 0.0756s/iter; left time: 14492.7425s
	iters: 1600, epoch: 16 | loss: 0.3609250
	speed: 0.0757s/iter; left time: 14494.7236s
	iters: 1700, epoch: 16 | loss: 0.4223332
	speed: 0.0757s/iter; left time: 14488.9362s
	iters: 1800, epoch: 16 | loss: 0.4703365
	speed: 0.0757s/iter; left time: 14485.7542s
	iters: 1900, epoch: 16 | loss: 0.5480118
	speed: 0.0758s/iter; left time: 14486.9658s
	iters: 2000, epoch: 16 | loss: 0.4993289
	speed: 0.0756s/iter; left time: 14445.0311s
	iters: 2100, epoch: 16 | loss: 0.3876977
	speed: 0.0756s/iter; left time: 14437.8547s
	iters: 2200, epoch: 16 | loss: 0.5161684
	speed: 0.0757s/iter; left time: 14444.3495s
Epoch: 16 cost time: 171.97701573371887
Epoch: 16 | Train Loss: 0.4778200 Vali Loss: 1.3232801 Test Loss: 0.4485801 MAE Loss: 0.4566121
EarlyStopping counter: 1 out of 3
lr = 0.0000955005
	iters: 100, epoch: 17 | loss: 0.3122308
	speed: 0.6354s/iter; left time: 121210.0128s
	iters: 200, epoch: 17 | loss: 0.5010458
	speed: 0.0759s/iter; left time: 14473.9248s
	iters: 300, epoch: 17 | loss: 0.4868990
	speed: 0.0756s/iter; left time: 14404.9023s
	iters: 400, epoch: 17 | loss: 0.5775658
	speed: 0.0758s/iter; left time: 14429.9151s
	iters: 500, epoch: 17 | loss: 0.4081981
	speed: 0.0755s/iter; left time: 14378.2816s
	iters: 600, epoch: 17 | loss: 0.5749174
	speed: 0.0756s/iter; left time: 14387.0758s
	iters: 700, epoch: 17 | loss: 0.4779198
	speed: 0.0755s/iter; left time: 14364.9692s
	iters: 800, epoch: 17 | loss: 0.6692009
	speed: 0.0757s/iter; left time: 14379.7689s
	iters: 900, epoch: 17 | loss: 0.3735187
	speed: 0.0758s/iter; left time: 14394.0541s
	iters: 1000, epoch: 17 | loss: 0.5412831
	speed: 0.0757s/iter; left time: 14373.9595s
	iters: 1100, epoch: 17 | loss: 0.3916478
	speed: 0.0758s/iter; left time: 14373.6474s
	iters: 1200, epoch: 17 | loss: 0.4550857
	speed: 0.0757s/iter; left time: 14357.3452s
	iters: 1300, epoch: 17 | loss: 0.6428728
	speed: 0.0758s/iter; left time: 14369.4581s
	iters: 1400, epoch: 17 | loss: 0.4233716
	speed: 0.0754s/iter; left time: 14293.6011s
	iters: 1500, epoch: 17 | loss: 0.4858324
	speed: 0.0757s/iter; left time: 14329.4142s
	iters: 1600, epoch: 17 | loss: 0.4982759
	speed: 0.0757s/iter; left time: 14328.0803s
	iters: 1700, epoch: 17 | loss: 0.3167610
	speed: 0.0758s/iter; left time: 14341.3832s
	iters: 1800, epoch: 17 | loss: 0.5144720
	speed: 0.0756s/iter; left time: 14286.2714s
	iters: 1900, epoch: 17 | loss: 0.4918792
	speed: 0.0757s/iter; left time: 14304.3861s
	iters: 2000, epoch: 17 | loss: 0.5901862
	speed: 0.0757s/iter; left time: 14296.5288s
	iters: 2100, epoch: 17 | loss: 0.4413624
	speed: 0.0755s/iter; left time: 14257.5903s
	iters: 2200, epoch: 17 | loss: 0.6846430
	speed: 0.0755s/iter; left time: 14250.3280s
Epoch: 17 cost time: 172.03932094573975
Epoch: 17 | Train Loss: 0.4743239 Vali Loss: 1.2893171 Test Loss: 0.4503443 MAE Loss: 0.4589770
lr = 0.0000545062
	iters: 100, epoch: 18 | loss: 0.4140441
	speed: 0.6347s/iter; left time: 119617.9533s
	iters: 200, epoch: 18 | loss: 0.5170965
	speed: 0.0757s/iter; left time: 14258.7371s
	iters: 300, epoch: 18 | loss: 0.4893457
	speed: 0.0756s/iter; left time: 14227.9392s
	iters: 400, epoch: 18 | loss: 0.7021018
	speed: 0.0757s/iter; left time: 14242.8233s
	iters: 500, epoch: 18 | loss: 0.3535844
	speed: 0.0756s/iter; left time: 14219.6018s
	iters: 600, epoch: 18 | loss: 0.4241714
	speed: 0.0756s/iter; left time: 14219.7234s
	iters: 700, epoch: 18 | loss: 0.3502396
	speed: 0.0756s/iter; left time: 14195.5745s
	iters: 800, epoch: 18 | loss: 0.6055888
	speed: 0.0757s/iter; left time: 14217.4981s
	iters: 900, epoch: 18 | loss: 0.3197030
	speed: 0.0756s/iter; left time: 14194.3605s
	iters: 1000, epoch: 18 | loss: 0.3891669
	speed: 0.0755s/iter; left time: 14164.6398s
	iters: 1100, epoch: 18 | loss: 0.4307007
	speed: 0.0755s/iter; left time: 14156.6620s
	iters: 1200, epoch: 18 | loss: 0.5707165
	speed: 0.0754s/iter; left time: 14132.0427s
	iters: 1300, epoch: 18 | loss: 0.3748186
	speed: 0.0756s/iter; left time: 14156.1667s
	iters: 1400, epoch: 18 | loss: 0.3107638
	speed: 0.0756s/iter; left time: 14156.7601s
	iters: 1500, epoch: 18 | loss: 0.5207343
	speed: 0.0757s/iter; left time: 14158.0232s
	iters: 1600, epoch: 18 | loss: 0.4025424
	speed: 0.0757s/iter; left time: 14146.2527s
	iters: 1700, epoch: 18 | loss: 0.6482899
	speed: 0.0756s/iter; left time: 14134.9247s
	iters: 1800, epoch: 18 | loss: 0.4548557
	speed: 0.0755s/iter; left time: 14109.4243s
	iters: 1900, epoch: 18 | loss: 0.4905606
	speed: 0.0755s/iter; left time: 14102.9971s
	iters: 2000, epoch: 18 | loss: 0.4175880
	speed: 0.0756s/iter; left time: 14100.8177s
	iters: 2100, epoch: 18 | loss: 0.5775566
	speed: 0.0756s/iter; left time: 14094.0750s
	iters: 2200, epoch: 18 | loss: 0.3606691
	speed: 0.0756s/iter; left time: 14085.2167s
Epoch: 18 cost time: 171.89970326423645
Epoch: 18 | Train Loss: 0.4725246 Vali Loss: 1.3105308 Test Loss: 0.4461003 MAE Loss: 0.4562965
EarlyStopping counter: 1 out of 3
lr = 0.0000244815
	iters: 100, epoch: 19 | loss: 0.5883467
	speed: 0.6362s/iter; left time: 118455.0801s
	iters: 200, epoch: 19 | loss: 0.4360102
	speed: 0.0757s/iter; left time: 14085.5775s
	iters: 300, epoch: 19 | loss: 0.3861144
	speed: 0.0757s/iter; left time: 14087.0952s
	iters: 400, epoch: 19 | loss: 0.5657855
	speed: 0.0756s/iter; left time: 14052.3484s
	iters: 500, epoch: 19 | loss: 0.6059567
	speed: 0.0757s/iter; left time: 14063.3275s
	iters: 600, epoch: 19 | loss: 0.5761409
	speed: 0.0758s/iter; left time: 14067.6772s
	iters: 700, epoch: 19 | loss: 0.5201395
	speed: 0.0757s/iter; left time: 14052.7097s
	iters: 800, epoch: 19 | loss: 0.6568062
	speed: 0.0758s/iter; left time: 14064.3195s
	iters: 900, epoch: 19 | loss: 0.4682918
	speed: 0.0755s/iter; left time: 13998.5053s
	iters: 1000, epoch: 19 | loss: 0.6072844
	speed: 0.0756s/iter; left time: 14010.3546s
	iters: 1100, epoch: 19 | loss: 0.3731834
	speed: 0.0756s/iter; left time: 14009.6527s
	iters: 1200, epoch: 19 | loss: 0.4687476
	speed: 0.0757s/iter; left time: 14017.2972s
	iters: 1300, epoch: 19 | loss: 0.5576770
	speed: 0.0756s/iter; left time: 13986.4683s
	iters: 1400, epoch: 19 | loss: 0.6991702
	speed: 0.0758s/iter; left time: 14010.8874s
	iters: 1500, epoch: 19 | loss: 0.4020438
	speed: 0.0755s/iter; left time: 13958.2485s
	iters: 1600, epoch: 19 | loss: 0.6749973
	speed: 0.0758s/iter; left time: 13998.2877s
	iters: 1700, epoch: 19 | loss: 0.5311680
	speed: 0.0758s/iter; left time: 13985.4459s
	iters: 1800, epoch: 19 | loss: 0.4445873
	speed: 0.0756s/iter; left time: 13956.0389s
	iters: 1900, epoch: 19 | loss: 0.4626976
	speed: 0.0756s/iter; left time: 13941.3252s
	iters: 2000, epoch: 19 | loss: 0.3631396
	speed: 0.0757s/iter; left time: 13947.1137s
	iters: 2100, epoch: 19 | loss: 0.4348730
	speed: 0.0755s/iter; left time: 13909.1937s
	iters: 2200, epoch: 19 | loss: 0.5223731
	speed: 0.0757s/iter; left time: 13939.6840s
Epoch: 19 cost time: 172.06026673316956
Epoch: 19 | Train Loss: 0.4703401 Vali Loss: 1.3058548 Test Loss: 0.4505125 MAE Loss: 0.4588361
EarlyStopping counter: 2 out of 3
lr = 0.0000061658
	iters: 100, epoch: 20 | loss: 0.3307461
	speed: 0.6347s/iter; left time: 116735.4556s
	iters: 200, epoch: 20 | loss: 0.5483269
	speed: 0.0760s/iter; left time: 13965.3641s
	iters: 300, epoch: 20 | loss: 0.4521561
	speed: 0.0758s/iter; left time: 13919.7583s
	iters: 400, epoch: 20 | loss: 0.3601025
	speed: 0.0756s/iter; left time: 13880.4070s
	iters: 500, epoch: 20 | loss: 0.3909453
	speed: 0.0758s/iter; left time: 13909.9477s
	iters: 600, epoch: 20 | loss: 0.4945076
	speed: 0.0757s/iter; left time: 13878.4699s
	iters: 700, epoch: 20 | loss: 0.5392581
	speed: 0.0757s/iter; left time: 13873.8893s
	iters: 800, epoch: 20 | loss: 0.3230462
	speed: 0.0755s/iter; left time: 13839.0952s
	iters: 900, epoch: 20 | loss: 0.3613084
	speed: 0.0756s/iter; left time: 13844.1888s
	iters: 1000, epoch: 20 | loss: 0.4951061
	speed: 0.0756s/iter; left time: 13845.2247s
	iters: 1100, epoch: 20 | loss: 0.4039200
	speed: 0.0756s/iter; left time: 13836.7362s
	iters: 1200, epoch: 20 | loss: 0.3880294
	speed: 0.0755s/iter; left time: 13807.5509s
	iters: 1300, epoch: 20 | loss: 0.4061377
	speed: 0.0757s/iter; left time: 13828.8511s
	iters: 1400, epoch: 20 | loss: 0.4187348
	speed: 0.0757s/iter; left time: 13819.0874s
	iters: 1500, epoch: 20 | loss: 0.4053271
	speed: 0.0756s/iter; left time: 13800.2785s
	iters: 1600, epoch: 20 | loss: 0.3959216
	speed: 0.0757s/iter; left time: 13802.4423s
	iters: 1700, epoch: 20 | loss: 0.2432639
	speed: 0.0757s/iter; left time: 13810.0477s
	iters: 1800, epoch: 20 | loss: 0.3704520
	speed: 0.0756s/iter; left time: 13781.9285s
	iters: 1900, epoch: 20 | loss: 0.3946796
	speed: 0.0757s/iter; left time: 13789.8142s
	iters: 2000, epoch: 20 | loss: 0.2807614
	speed: 0.0757s/iter; left time: 13778.5261s
	iters: 2100, epoch: 20 | loss: 0.3911714
	speed: 0.0756s/iter; left time: 13749.7194s
	iters: 2200, epoch: 20 | loss: 0.3862898
	speed: 0.0757s/iter; left time: 13761.8633s
Epoch: 20 cost time: 172.02500677108765
Epoch: 20 | Train Loss: 0.4697503 Vali Loss: 1.3081625 Test Loss: 0.4469830 MAE Loss: 0.4562804
EarlyStopping counter: 3 out of 3
Early stopping
==========================================
[2026-08-27 02:03:12] Start running:
  dataset      : ETTh1
  model        : TimeLLM
  llm_model    : GPT2
  seq_len      : 512
  pred_len     : 720
  learning_rate: 0.01
  batch_size   : 24
==========================================
Downloading Model from https://www.modelscope.cn to directory: /home/Lain/.cache/modelscope/hub/models/AI-ModelScope/gpt2
	iters: 100, epoch: 1 | loss: 0.8091536
	speed: 0.0834s/iter; left time: 17996.8886s
	iters: 200, epoch: 1 | loss: 0.8138476
	speed: 0.0782s/iter; left time: 16877.3977s
	iters: 300, epoch: 1 | loss: 0.7182765
	speed: 0.0782s/iter; left time: 16866.4604s
	iters: 400, epoch: 1 | loss: 0.5023789
	speed: 0.0782s/iter; left time: 16865.0135s
	iters: 500, epoch: 1 | loss: 0.6200543
	speed: 0.0784s/iter; left time: 16894.5985s
	iters: 600, epoch: 1 | loss: 0.4899677
	speed: 0.0784s/iter; left time: 16878.2076s
	iters: 700, epoch: 1 | loss: 0.5292743
	speed: 0.0784s/iter; left time: 16869.5546s
	iters: 800, epoch: 1 | loss: 0.6337279
	speed: 0.0783s/iter; left time: 16852.1555s
	iters: 900, epoch: 1 | loss: 0.6214095
	speed: 0.0784s/iter; left time: 16862.1684s
	iters: 1000, epoch: 1 | loss: 0.6948421
	speed: 0.0783s/iter; left time: 16834.3828s
	iters: 1100, epoch: 1 | loss: 0.4657786
	speed: 0.0784s/iter; left time: 16845.5165s
	iters: 1200, epoch: 1 | loss: 0.5867455
	speed: 0.0785s/iter; left time: 16859.0729s
	iters: 1300, epoch: 1 | loss: 0.7855833
	speed: 0.0782s/iter; left time: 16793.9328s
	iters: 1400, epoch: 1 | loss: 0.6101037
	speed: 0.0782s/iter; left time: 16771.3272s
	iters: 1500, epoch: 1 | loss: 0.6598615
	speed: 0.0782s/iter; left time: 16784.1091s
	iters: 1600, epoch: 1 | loss: 0.6150914
	speed: 0.0783s/iter; left time: 16792.1210s
	iters: 1700, epoch: 1 | loss: 0.8843403
	speed: 0.0782s/iter; left time: 16763.1746s
	iters: 1800, epoch: 1 | loss: 0.5157502
	speed: 0.0783s/iter; left time: 16771.9632s
	iters: 1900, epoch: 1 | loss: 0.5451899
	speed: 0.0783s/iter; left time: 16769.6435s
	iters: 2000, epoch: 1 | loss: 0.6403583
	speed: 0.0784s/iter; left time: 16781.1253s
	iters: 2100, epoch: 1 | loss: 0.4566548
	speed: 0.0784s/iter; left time: 16774.4469s
Epoch: 1 cost time: 169.46873569488525
Epoch: 1 | Train Loss: 0.6267427 Vali Loss: 1.5692316 Test Loss: 0.4436001 MAE Loss: 0.4674269
lr = 0.0004000000
Updating learning rate to 0.0003999999999999993
	iters: 100, epoch: 2 | loss: 0.4888653
	speed: 0.5832s/iter; left time: 124644.0626s
	iters: 200, epoch: 2 | loss: 0.5048282
	speed: 0.0761s/iter; left time: 16248.4168s
	iters: 300, epoch: 2 | loss: 0.4881605
	speed: 0.0763s/iter; left time: 16299.6765s
	iters: 400, epoch: 2 | loss: 0.6579500
	speed: 0.0763s/iter; left time: 16275.1836s
	iters: 500, epoch: 2 | loss: 0.7053625
	speed: 0.0771s/iter; left time: 16449.3277s
	iters: 600, epoch: 2 | loss: 0.4762249
	speed: 0.0762s/iter; left time: 16247.2049s
	iters: 700, epoch: 2 | loss: 0.6221222
	speed: 0.0765s/iter; left time: 16309.2260s
	iters: 800, epoch: 2 | loss: 0.5070102
	speed: 0.0763s/iter; left time: 16250.4750s
	iters: 900, epoch: 2 | loss: 0.4746587
	speed: 0.0763s/iter; left time: 16246.0054s
	iters: 1000, epoch: 2 | loss: 0.7048411
	speed: 0.0764s/iter; left time: 16261.2658s
	iters: 1100, epoch: 2 | loss: 0.7157719
	speed: 0.0764s/iter; left time: 16255.8604s
	iters: 1200, epoch: 2 | loss: 0.6850522
	speed: 0.0762s/iter; left time: 16196.8307s
	iters: 1300, epoch: 2 | loss: 0.5474006
	speed: 0.0762s/iter; left time: 16203.5336s
	iters: 1400, epoch: 2 | loss: 0.8228772
	speed: 0.0764s/iter; left time: 16224.5711s
	iters: 1500, epoch: 2 | loss: 0.4652512
	speed: 0.0764s/iter; left time: 16222.3742s
	iters: 1600, epoch: 2 | loss: 0.6312069
	speed: 0.0764s/iter; left time: 16210.8411s
	iters: 1700, epoch: 2 | loss: 0.5863471
	speed: 0.0762s/iter; left time: 16167.1185s
	iters: 1800, epoch: 2 | loss: 0.5220344
	speed: 0.0764s/iter; left time: 16190.7090s
	iters: 1900, epoch: 2 | loss: 0.5646027
	speed: 0.0763s/iter; left time: 16175.1551s
	iters: 2000, epoch: 2 | loss: 0.5132113
	speed: 0.0763s/iter; left time: 16159.5260s
	iters: 2100, epoch: 2 | loss: 0.4970476
	speed: 0.0763s/iter; left time: 16150.5131s
Epoch: 2 cost time: 165.00047206878662
Epoch: 2 | Train Loss: 0.5754475 Vali Loss: 1.6652316 Test Loss: 0.5716778 MAE Loss: 0.5363018
EarlyStopping counter: 1 out of 3
Updating learning rate to 0.00019999999999999966
	iters: 100, epoch: 3 | loss: 0.3869016
	speed: 0.5551s/iter; left time: 117455.5497s
	iters: 200, epoch: 3 | loss: 0.9221842
	speed: 0.0761s/iter; left time: 16102.9390s
	iters: 300, epoch: 3 | loss: 0.5562488
	speed: 0.0763s/iter; left time: 16126.0744s
	iters: 400, epoch: 3 | loss: 0.6852895
	speed: 0.0762s/iter; left time: 16096.8414s
	iters: 500, epoch: 3 | loss: 0.5892732
	speed: 0.0764s/iter; left time: 16124.3148s
	iters: 600, epoch: 3 | loss: 0.7237969
	speed: 0.0761s/iter; left time: 16072.1896s
	iters: 700, epoch: 3 | loss: 0.4991319
	speed: 0.0763s/iter; left time: 16097.0251s
	iters: 800, epoch: 3 | loss: 0.6674666
	speed: 0.0762s/iter; left time: 16072.6856s
	iters: 900, epoch: 3 | loss: 0.5638365
	speed: 0.0763s/iter; left time: 16072.3483s
	iters: 1000, epoch: 3 | loss: 0.5556507
	speed: 0.0762s/iter; left time: 16063.1740s
	iters: 1100, epoch: 3 | loss: 0.5185381
	speed: 0.0763s/iter; left time: 16071.9013s
	iters: 1200, epoch: 3 | loss: 0.6680192
	speed: 0.0761s/iter; left time: 16027.8848s
	iters: 1300, epoch: 3 | loss: 0.6048058
	speed: 0.0763s/iter; left time: 16042.1346s
	iters: 1400, epoch: 3 | loss: 0.5288200
	speed: 0.0762s/iter; left time: 16019.2322s
	iters: 1500, epoch: 3 | loss: 0.5243440
	speed: 0.0761s/iter; left time: 15992.6447s
	iters: 1600, epoch: 3 | loss: 0.5531473
	speed: 0.0762s/iter; left time: 16007.2003s
	iters: 1700, epoch: 3 | loss: 0.4892924
	speed: 0.0763s/iter; left time: 16025.4269s
	iters: 1800, epoch: 3 | loss: 0.4534064
	speed: 0.0763s/iter; left time: 16013.6693s
	iters: 1900, epoch: 3 | loss: 0.8203378
	speed: 0.0762s/iter; left time: 15994.6444s
	iters: 2000, epoch: 3 | loss: 0.6649889
	speed: 0.0762s/iter; left time: 15970.9261s
	iters: 2100, epoch: 3 | loss: 0.4957110
	speed: 0.0763s/iter; left time: 15995.6126s
Epoch: 3 cost time: 164.7624580860138
Epoch: 3 | Train Loss: 0.5472087 Vali Loss: 1.6782265 Test Loss: 0.4522114 MAE Loss: 0.4697833
EarlyStopping counter: 2 out of 3
Updating learning rate to 9.999999999999983e-05
	iters: 100, epoch: 4 | loss: 0.5055023
	speed: 0.5544s/iter; left time: 116106.0702s
	iters: 200, epoch: 4 | loss: 0.4382423
	speed: 0.0762s/iter; left time: 15948.1809s
	iters: 300, epoch: 4 | loss: 0.7253488
	speed: 0.0762s/iter; left time: 15945.9102s
	iters: 400, epoch: 4 | loss: 0.6629301
	speed: 0.0762s/iter; left time: 15934.2382s
	iters: 500, epoch: 4 | loss: 0.6228338
	speed: 0.0763s/iter; left time: 15939.7669s
	iters: 600, epoch: 4 | loss: 0.6018835
	speed: 0.0762s/iter; left time: 15922.4931s
	iters: 700, epoch: 4 | loss: 0.4359470
	speed: 0.0762s/iter; left time: 15915.4364s
	iters: 800, epoch: 4 | loss: 0.5185812
	speed: 0.0761s/iter; left time: 15888.9686s
	iters: 900, epoch: 4 | loss: 0.7219265
	speed: 0.0762s/iter; left time: 15897.2159s
	iters: 1000, epoch: 4 | loss: 0.7374216
	speed: 0.0762s/iter; left time: 15896.4391s
	iters: 1100, epoch: 4 | loss: 0.5655760
	speed: 0.0761s/iter; left time: 15862.9920s
	iters: 1200, epoch: 4 | loss: 0.4021782
	speed: 0.0761s/iter; left time: 15851.7607s
	iters: 1300, epoch: 4 | loss: 0.4224130
	speed: 0.0763s/iter; left time: 15878.2964s
	iters: 1400, epoch: 4 | loss: 0.4397954
	speed: 0.0762s/iter; left time: 15853.7850s
	iters: 1500, epoch: 4 | loss: 0.4370802
	speed: 0.0763s/iter; left time: 15872.1801s
	iters: 1600, epoch: 4 | loss: 0.5025911
	speed: 0.0763s/iter; left time: 15854.5577s
	iters: 1700, epoch: 4 | loss: 0.4906084
	speed: 0.0761s/iter; left time: 15822.9322s
	iters: 1800, epoch: 4 | loss: 0.5757177
	speed: 0.0761s/iter; left time: 15797.4812s
	iters: 1900, epoch: 4 | loss: 0.6408816
	speed: 0.0761s/iter; left time: 15809.9214s
	iters: 2000, epoch: 4 | loss: 0.5654061
	speed: 0.0761s/iter; left time: 15783.7622s
	iters: 2100, epoch: 4 | loss: 0.5156298
	speed: 0.0764s/iter; left time: 15837.9924s
Epoch: 4 cost time: 164.67541646957397
Epoch: 4 | Train Loss: 0.5245348 Vali Loss: 1.7759085 Test Loss: 0.4391174 MAE Loss: 0.4636438
EarlyStopping counter: 3 out of 3
Early stopping
