==========================================
[2026-08-26 01:53:07] Start running:
  dataset      : ETTh1
  model        : TimeLLM
  llm_model    : GPT2
  seq_len      : 512
  pred_len     : 96
  learning_rate: 0.01
  batch_size   : 24
==========================================
Downloading Model from https://www.modelscope.cn to directory: /home/Lain/.cache/modelscope/hub/models/AI-ModelScope/gpt2
2026-08-26 01:53:12,682 - modelscope - WARNING - Model revision not specified, use revision: v1.0.0
	iters: 100, epoch: 1 | loss: 0.4998946
	speed: 0.0845s/iter; left time: 19780.3569s
	iters: 200, epoch: 1 | loss: 0.3975254
	speed: 0.0781s/iter; left time: 18268.5533s
	iters: 300, epoch: 1 | loss: 0.4237367
	speed: 0.0784s/iter; left time: 18339.6300s
	iters: 400, epoch: 1 | loss: 0.4548484
	speed: 0.0788s/iter; left time: 18422.1244s
	iters: 500, epoch: 1 | loss: 0.3884262
	speed: 0.0791s/iter; left time: 18486.4224s
	iters: 600, epoch: 1 | loss: 0.4322759
	speed: 0.0790s/iter; left time: 18462.8836s
	iters: 700, epoch: 1 | loss: 0.5025351
	speed: 0.0791s/iter; left time: 18460.7007s
	iters: 800, epoch: 1 | loss: 0.4463448
	speed: 0.0790s/iter; left time: 18438.4349s
	iters: 900, epoch: 1 | loss: 0.4247971
	speed: 0.0793s/iter; left time: 18489.5491s
	iters: 1000, epoch: 1 | loss: 0.3090648
	speed: 0.0791s/iter; left time: 18454.0082s
	iters: 1100, epoch: 1 | loss: 0.4991984
	speed: 0.0793s/iter; left time: 18474.9620s
	iters: 1200, epoch: 1 | loss: 0.3179719
	speed: 0.0791s/iter; left time: 18435.5945s
	iters: 1300, epoch: 1 | loss: 0.3379273
	speed: 0.0792s/iter; left time: 18438.7667s
	iters: 1400, epoch: 1 | loss: 0.4924315
	speed: 0.0793s/iter; left time: 18463.9707s
	iters: 1500, epoch: 1 | loss: 0.5025817
	speed: 0.0794s/iter; left time: 18480.9196s
	iters: 1600, epoch: 1 | loss: 0.5143779
	speed: 0.0792s/iter; left time: 18426.0477s
	iters: 1700, epoch: 1 | loss: 0.5772893
	speed: 0.0782s/iter; left time: 18180.7843s
	iters: 1800, epoch: 1 | loss: 0.2837386
	speed: 0.0783s/iter; left time: 18206.7811s
	iters: 1900, epoch: 1 | loss: 0.3598479
	speed: 0.0782s/iter; left time: 18168.5062s
	iters: 2000, epoch: 1 | loss: 0.5004740
	speed: 0.0783s/iter; left time: 18178.6747s
	iters: 2100, epoch: 1 | loss: 0.3148483
	speed: 0.0782s/iter; left time: 18159.6866s
	iters: 2200, epoch: 1 | loss: 0.3230409
	speed: 0.0782s/iter; left time: 18131.8645s
	iters: 2300, epoch: 1 | loss: 0.4067605
	speed: 0.0783s/iter; left time: 18160.0464s
Epoch: 1 cost time: 184.8721251487732
Epoch: 1 | Train Loss: 0.4225824 Vali Loss: 0.8398837 Test Loss: 0.4179896 MAE Loss: 0.4369984
lr = 0.0004000000
Updating learning rate to 0.0003999999999999993
	iters: 100, epoch: 2 | loss: 0.5400640
	speed: 0.7059s/iter; left time: 163598.2359s
	iters: 200, epoch: 2 | loss: 0.4424972
	speed: 0.0760s/iter; left time: 17613.0132s
	iters: 300, epoch: 2 | loss: 0.5587352
	speed: 0.0761s/iter; left time: 17617.7690s
	iters: 400, epoch: 2 | loss: 0.2859479
	speed: 0.0760s/iter; left time: 17595.2488s
	iters: 500, epoch: 2 | loss: 0.4582199
	speed: 0.0761s/iter; left time: 17597.0231s
	iters: 600, epoch: 2 | loss: 0.4444183
	speed: 0.0760s/iter; left time: 17586.2308s
	iters: 700, epoch: 2 | loss: 0.3518186
	speed: 0.0760s/iter; left time: 17578.3248s
	iters: 800, epoch: 2 | loss: 0.2496912
	speed: 0.0762s/iter; left time: 17599.5792s
	iters: 900, epoch: 2 | loss: 0.3880845
	speed: 0.0761s/iter; left time: 17577.7996s
	iters: 1000, epoch: 2 | loss: 0.3791577
	speed: 0.0761s/iter; left time: 17567.8352s
	iters: 1100, epoch: 2 | loss: 0.3656359
	speed: 0.0762s/iter; left time: 17585.2632s
	iters: 1200, epoch: 2 | loss: 0.3938848
	speed: 0.0760s/iter; left time: 17527.3913s
	iters: 1300, epoch: 2 | loss: 0.2930758
	speed: 0.0760s/iter; left time: 17519.3604s
	iters: 1400, epoch: 2 | loss: 0.3515233
	speed: 0.0761s/iter; left time: 17533.2032s
	iters: 1500, epoch: 2 | loss: 0.4398811
	speed: 0.0761s/iter; left time: 17518.9959s
	iters: 1600, epoch: 2 | loss: 0.5652795
	speed: 0.0761s/iter; left time: 17524.0338s
	iters: 1700, epoch: 2 | loss: 0.3528954
	speed: 0.0762s/iter; left time: 17540.2068s
	iters: 1800, epoch: 2 | loss: 0.3997364
	speed: 0.0761s/iter; left time: 17508.8494s
	iters: 1900, epoch: 2 | loss: 0.3679807
	speed: 0.0759s/iter; left time: 17449.7408s
	iters: 2000, epoch: 2 | loss: 0.4000044
	speed: 0.0763s/iter; left time: 17531.0398s
	iters: 2100, epoch: 2 | loss: 0.4248760
	speed: 0.0761s/iter; left time: 17484.2570s
	iters: 2200, epoch: 2 | loss: 0.6558131
	speed: 0.0761s/iter; left time: 17483.2802s
	iters: 2300, epoch: 2 | loss: 0.3294001
	speed: 0.0761s/iter; left time: 17460.3165s
Epoch: 2 cost time: 178.3387095928192
Epoch: 2 | Train Loss: 0.4089225 Vali Loss: 0.7777059 Test Loss: 0.4171967 MAE Loss: 0.4297010
Updating learning rate to 0.00019999999999999966
	iters: 100, epoch: 3 | loss: 0.4529907
	speed: 0.6693s/iter; left time: 153549.2353s
	iters: 200, epoch: 3 | loss: 0.3431101
	speed: 0.0760s/iter; left time: 17437.2397s
	iters: 300, epoch: 3 | loss: 0.3507303
	speed: 0.0759s/iter; left time: 17405.2473s
	iters: 400, epoch: 3 | loss: 0.4046355
	speed: 0.0761s/iter; left time: 17431.2679s
	iters: 500, epoch: 3 | loss: 0.4304405
	speed: 0.0760s/iter; left time: 17414.2427s
	iters: 600, epoch: 3 | loss: 0.4212979
	speed: 0.0762s/iter; left time: 17447.0014s
	iters: 700, epoch: 3 | loss: 0.3960083
	speed: 0.0762s/iter; left time: 17426.8166s
	iters: 800, epoch: 3 | loss: 0.3448699
	speed: 0.0765s/iter; left time: 17489.3206s
	iters: 900, epoch: 3 | loss: 0.3845451
	speed: 0.0767s/iter; left time: 17533.8688s
	iters: 1000, epoch: 3 | loss: 0.5326012
	speed: 0.0768s/iter; left time: 17549.3986s
	iters: 1100, epoch: 3 | loss: 0.3320494
	speed: 0.0767s/iter; left time: 17526.5505s
	iters: 1200, epoch: 3 | loss: 0.3670132
	speed: 0.0772s/iter; left time: 17624.4704s
	iters: 1300, epoch: 3 | loss: 0.4836677
	speed: 0.0771s/iter; left time: 17586.7276s
	iters: 1400, epoch: 3 | loss: 0.2496208
	speed: 0.0772s/iter; left time: 17611.7654s
	iters: 1500, epoch: 3 | loss: 0.3736683
	speed: 0.0770s/iter; left time: 17567.5414s
	iters: 1600, epoch: 3 | loss: 0.3787766
	speed: 0.0770s/iter; left time: 17554.8143s
	iters: 1700, epoch: 3 | loss: 0.3313929
	speed: 0.0771s/iter; left time: 17572.7322s
	iters: 1800, epoch: 3 | loss: 0.3374853
	speed: 0.0771s/iter; left time: 17563.7830s
	iters: 1900, epoch: 3 | loss: 0.5833014
	speed: 0.0771s/iter; left time: 17542.2892s
	iters: 2000, epoch: 3 | loss: 0.5260193
	speed: 0.0770s/iter; left time: 17522.2748s
	iters: 2100, epoch: 3 | loss: 0.3456240
	speed: 0.0772s/iter; left time: 17565.8121s
	iters: 2200, epoch: 3 | loss: 0.2360086
	speed: 0.0763s/iter; left time: 17352.8959s
	iters: 2300, epoch: 3 | loss: 0.3067613
	speed: 0.0761s/iter; left time: 17288.3981s
Epoch: 3 cost time: 179.6313874721527
Epoch: 3 | Train Loss: 0.3933908 Vali Loss: 0.7208617 Test Loss: 0.4030709 MAE Loss: 0.4222441
Updating learning rate to 9.999999999999983e-05
	iters: 100, epoch: 4 | loss: 0.3651204
	speed: 0.6692s/iter; left time: 151958.6741s
	iters: 200, epoch: 4 | loss: 0.3414536
	speed: 0.0760s/iter; left time: 17257.7230s
	iters: 300, epoch: 4 | loss: 0.3354583
	speed: 0.0761s/iter; left time: 17254.8634s
	iters: 400, epoch: 4 | loss: 0.3967018
	speed: 0.0760s/iter; left time: 17234.9106s
	iters: 500, epoch: 4 | loss: 0.5969998
	speed: 0.0761s/iter; left time: 17241.3300s
	iters: 600, epoch: 4 | loss: 0.4883713
	speed: 0.0760s/iter; left time: 17209.2302s
	iters: 700, epoch: 4 | loss: 0.2949340
	speed: 0.0760s/iter; left time: 17220.5534s
	iters: 800, epoch: 4 | loss: 0.3166497
	speed: 0.0761s/iter; left time: 17224.0414s
	iters: 900, epoch: 4 | loss: 0.3658048
	speed: 0.0761s/iter; left time: 17229.1996s
	iters: 1000, epoch: 4 | loss: 0.4246576
	speed: 0.0760s/iter; left time: 17181.5951s
	iters: 1100, epoch: 4 | loss: 0.2954132
	speed: 0.0761s/iter; left time: 17213.9452s
	iters: 1200, epoch: 4 | loss: 0.3147256
	speed: 0.0760s/iter; left time: 17175.9488s
	iters: 1300, epoch: 4 | loss: 0.3837076
	speed: 0.0759s/iter; left time: 17143.2241s
	iters: 1400, epoch: 4 | loss: 0.3732557
	speed: 0.0760s/iter; left time: 17164.7359s
	iters: 1500, epoch: 4 | loss: 0.5874940
	speed: 0.0760s/iter; left time: 17156.8815s
	iters: 1600, epoch: 4 | loss: 0.3707740
	speed: 0.0761s/iter; left time: 17158.3138s
	iters: 1700, epoch: 4 | loss: 0.2984524
	speed: 0.0761s/iter; left time: 17149.5854s
	iters: 1800, epoch: 4 | loss: 0.7029184
	speed: 0.0760s/iter; left time: 17119.6558s
	iters: 1900, epoch: 4 | loss: 0.4306882
	speed: 0.0761s/iter; left time: 17132.6370s
	iters: 2000, epoch: 4 | loss: 0.4099967
	speed: 0.0759s/iter; left time: 17081.3814s
	iters: 2100, epoch: 4 | loss: 0.2604651
	speed: 0.0760s/iter; left time: 17094.7742s
	iters: 2200, epoch: 4 | loss: 0.2985106
	speed: 0.0760s/iter; left time: 17089.6239s
	iters: 2300, epoch: 4 | loss: 0.3583854
	speed: 0.0760s/iter; left time: 17100.1675s
Epoch: 4 cost time: 178.16830039024353
Epoch: 4 | Train Loss: 0.3797615 Vali Loss: 0.7435983 Test Loss: 0.3964740 MAE Loss: 0.4195931
EarlyStopping counter: 1 out of 3
Updating learning rate to 4.9999999999999914e-05
	iters: 100, epoch: 5 | loss: 0.5632280
	speed: 0.6701s/iter; left time: 150584.4114s
	iters: 200, epoch: 5 | loss: 0.4061898
	speed: 0.0759s/iter; left time: 17060.3553s
	iters: 300, epoch: 5 | loss: 0.3089466
	speed: 0.0759s/iter; left time: 17051.9137s
	iters: 400, epoch: 5 | loss: 0.2277074
	speed: 0.0759s/iter; left time: 17023.3764s
	iters: 500, epoch: 5 | loss: 0.3127083
	speed: 0.0759s/iter; left time: 17033.2515s
	iters: 600, epoch: 5 | loss: 0.3826583
	speed: 0.0759s/iter; left time: 17026.6964s
	iters: 700, epoch: 5 | loss: 0.3081778
	speed: 0.0761s/iter; left time: 17050.9898s
	iters: 800, epoch: 5 | loss: 0.2981314
	speed: 0.0763s/iter; left time: 17095.7121s
	iters: 900, epoch: 5 | loss: 0.4261960
	speed: 0.0767s/iter; left time: 17164.7623s
	iters: 1000, epoch: 5 | loss: 0.3938684
	speed: 0.0767s/iter; left time: 17165.2056s
	iters: 1100, epoch: 5 | loss: 0.3081228
	speed: 0.0766s/iter; left time: 17141.0344s
	iters: 1200, epoch: 5 | loss: 0.3410392
	speed: 0.0765s/iter; left time: 17115.9368s
	iters: 1300, epoch: 5 | loss: 0.4810643
	speed: 0.0767s/iter; left time: 17146.6339s
	iters: 1400, epoch: 5 | loss: 0.3745854
	speed: 0.0768s/iter; left time: 17149.6152s
	iters: 1500, epoch: 5 | loss: 0.3120485
	speed: 0.0771s/iter; left time: 17221.0276s
	iters: 1600, epoch: 5 | loss: 0.2545767
	speed: 0.0773s/iter; left time: 17260.3508s
	iters: 1700, epoch: 5 | loss: 0.3037902
	speed: 0.0773s/iter; left time: 17247.6564s
	iters: 1800, epoch: 5 | loss: 0.3248581
	speed: 0.0771s/iter; left time: 17188.5323s
	iters: 1900, epoch: 5 | loss: 0.3732855
	speed: 0.0772s/iter; left time: 17205.2374s
	iters: 2000, epoch: 5 | loss: 0.5367864
	speed: 0.0775s/iter; left time: 17270.2104s
	iters: 2100, epoch: 5 | loss: 0.4080351
	speed: 0.0774s/iter; left time: 17240.9484s
	iters: 2200, epoch: 5 | loss: 0.4357878
	speed: 0.0763s/iter; left time: 16984.6624s
	iters: 2300, epoch: 5 | loss: 0.3505246
	speed: 0.0760s/iter; left time: 16906.2058s
Epoch: 5 cost time: 179.4585211277008
Epoch: 5 | Train Loss: 0.3702992 Vali Loss: 0.7352335 Test Loss: 0.3913935 MAE Loss: 0.4161594
EarlyStopping counter: 2 out of 3
Updating learning rate to 2.4999999999999957e-05
	iters: 100, epoch: 6 | loss: 0.3078881
	speed: 0.6701s/iter; left time: 149022.3777s
	iters: 200, epoch: 6 | loss: 0.4672045
	speed: 0.0763s/iter; left time: 16961.6547s
	iters: 300, epoch: 6 | loss: 0.4526877
	speed: 0.0760s/iter; left time: 16890.0757s
	iters: 400, epoch: 6 | loss: 0.4242253
	speed: 0.0761s/iter; left time: 16908.5443s
	iters: 500, epoch: 6 | loss: 0.2875239
	speed: 0.0761s/iter; left time: 16883.4445s
	iters: 600, epoch: 6 | loss: 0.2367926
	speed: 0.0759s/iter; left time: 16851.8814s
	iters: 700, epoch: 6 | loss: 0.3964461
	speed: 0.0760s/iter; left time: 16855.5452s
	iters: 800, epoch: 6 | loss: 0.3357046
	speed: 0.0761s/iter; left time: 16871.2742s
	iters: 900, epoch: 6 | loss: 0.7308276
	speed: 0.0761s/iter; left time: 16865.0497s
	iters: 1000, epoch: 6 | loss: 0.2826422
	speed: 0.0760s/iter; left time: 16841.7449s
	iters: 1100, epoch: 6 | loss: 0.3578459
	speed: 0.0760s/iter; left time: 16822.9520s
	iters: 1200, epoch: 6 | loss: 0.4815600
	speed: 0.0761s/iter; left time: 16837.5568s
	iters: 1300, epoch: 6 | loss: 0.2645732
	speed: 0.0762s/iter; left time: 16848.7030s
	iters: 1400, epoch: 6 | loss: 0.5315711
	speed: 0.0760s/iter; left time: 16809.0193s
	iters: 1500, epoch: 6 | loss: 0.3802776
	speed: 0.0761s/iter; left time: 16808.4621s
	iters: 1600, epoch: 6 | loss: 0.4976846
	speed: 0.0761s/iter; left time: 16809.0007s
	iters: 1700, epoch: 6 | loss: 0.3156874
	speed: 0.0761s/iter; left time: 16802.6634s
	iters: 1800, epoch: 6 | loss: 0.2186916
	speed: 0.0759s/iter; left time: 16750.7187s
	iters: 1900, epoch: 6 | loss: 0.2932226
	speed: 0.0760s/iter; left time: 16768.9839s
	iters: 2000, epoch: 6 | loss: 0.3271761
	speed: 0.0760s/iter; left time: 16760.8085s
	iters: 2100, epoch: 6 | loss: 0.3137964
	speed: 0.0762s/iter; left time: 16802.9736s
	iters: 2200, epoch: 6 | loss: 0.3116116
	speed: 0.0761s/iter; left time: 16770.5971s
	iters: 2300, epoch: 6 | loss: 0.3688444
	speed: 0.0761s/iter; left time: 16749.3705s
Epoch: 6 cost time: 178.31228113174438
Epoch: 6 | Train Loss: 0.3641059 Vali Loss: 0.7466593 Test Loss: 0.3917686 MAE Loss: 0.4171786
EarlyStopping counter: 3 out of 3
Early stopping
[W826 02:16:52.902116947 AllocatorConfig.cpp:28] Warning: PYTORCH_CUDA_ALLOC_CONF is deprecated, use PYTORCH_ALLOC_CONF instead (function operator())
==========================================
[2026-08-26 02:16:52] Start running:
  dataset      : ETTh1
  model        : TimeLLM
  llm_model    : GPT2
  seq_len      : 512
  pred_len     : 192
  learning_rate: 0.02
  batch_size   : 24
==========================================
Downloading Model from https://www.modelscope.cn to directory: /home/Lain/.cache/modelscope/hub/models/AI-ModelScope/gpt2
2026-08-26 02:16:58,355 - modelscope - WARNING - Model revision not specified, use revision: v1.0.0
	iters: 100, epoch: 1 | loss: 0.6256691
	speed: 0.0837s/iter; left time: 19351.2349s
	iters: 200, epoch: 1 | loss: 0.3644183
	speed: 0.0788s/iter; left time: 18220.9399s
	iters: 300, epoch: 1 | loss: 0.5209584
	speed: 0.0789s/iter; left time: 18236.0604s
	iters: 400, epoch: 1 | loss: 0.5007505
	speed: 0.0790s/iter; left time: 18250.0100s
	iters: 500, epoch: 1 | loss: 0.5673581
	speed: 0.0792s/iter; left time: 18291.9121s
	iters: 600, epoch: 1 | loss: 0.5498495
	speed: 0.0794s/iter; left time: 18328.8120s
	iters: 700, epoch: 1 | loss: 0.4486441
	speed: 0.0793s/iter; left time: 18283.7092s
	iters: 800, epoch: 1 | loss: 0.3218250
	speed: 0.0794s/iter; left time: 18305.5807s
	iters: 900, epoch: 1 | loss: 0.7565731
	speed: 0.0797s/iter; left time: 18380.2261s
	iters: 1000, epoch: 1 | loss: 0.9288030
	speed: 0.0796s/iter; left time: 18343.9193s
	iters: 1100, epoch: 1 | loss: 0.4016848
	speed: 0.0798s/iter; left time: 18380.0536s
	iters: 1200, epoch: 1 | loss: 0.3185497
	speed: 0.0797s/iter; left time: 18348.7376s
	iters: 1300, epoch: 1 | loss: 0.5787864
	speed: 0.0796s/iter; left time: 18321.0797s
	iters: 1400, epoch: 1 | loss: 0.3238791
	speed: 0.0797s/iter; left time: 18338.3165s
	iters: 1500, epoch: 1 | loss: 0.5270719
	speed: 0.0799s/iter; left time: 18357.6977s
	iters: 1600, epoch: 1 | loss: 0.4667142
	speed: 0.0784s/iter; left time: 18008.6094s
	iters: 1700, epoch: 1 | loss: 0.3176505
	speed: 0.0783s/iter; left time: 17987.0460s
	iters: 1800, epoch: 1 | loss: 0.4252333
	speed: 0.0785s/iter; left time: 18017.8297s
	iters: 1900, epoch: 1 | loss: 0.4177172
	speed: 0.0787s/iter; left time: 18052.5961s
	iters: 2000, epoch: 1 | loss: 0.7744315
	speed: 0.0784s/iter; left time: 17994.3437s
	iters: 2100, epoch: 1 | loss: 0.5839450
	speed: 0.0785s/iter; left time: 17994.2458s
	iters: 2200, epoch: 1 | loss: 0.4537072
	speed: 0.0787s/iter; left time: 18029.1084s
	iters: 2300, epoch: 1 | loss: 0.4086686
	speed: 0.0785s/iter; left time: 17987.7302s
Epoch: 1 cost time: 183.3073868751526
Epoch: 1 | Train Loss: 0.4842667 Vali Loss: 1.1104515 Test Loss: 0.4835945 MAE Loss: 0.4724596
lr = 0.0008000000
Updating learning rate to 0.0007999999999999986
	iters: 100, epoch: 2 | loss: 0.4633094
	speed: 0.6668s/iter; left time: 152698.3883s
	iters: 200, epoch: 2 | loss: 0.3535239
	speed: 0.0764s/iter; left time: 17482.7836s
	iters: 300, epoch: 2 | loss: 0.4054779
	speed: 0.0763s/iter; left time: 17458.7279s
	iters: 400, epoch: 2 | loss: 0.4190781
	speed: 0.0762s/iter; left time: 17427.3929s
	iters: 500, epoch: 2 | loss: 0.5012278
	speed: 0.0764s/iter; left time: 17456.7278s
	iters: 600, epoch: 2 | loss: 0.5684498
	speed: 0.0762s/iter; left time: 17407.2913s
	iters: 700, epoch: 2 | loss: 0.3538833
	speed: 0.0763s/iter; left time: 17432.8759s
	iters: 800, epoch: 2 | loss: 0.3697879
	speed: 0.0762s/iter; left time: 17400.7214s
	iters: 900, epoch: 2 | loss: 0.3795176
	speed: 0.0764s/iter; left time: 17439.2359s
	iters: 1000, epoch: 2 | loss: 0.4195596
	speed: 0.0764s/iter; left time: 17417.3360s
	iters: 1100, epoch: 2 | loss: 0.5040196
	speed: 0.0763s/iter; left time: 17395.8981s
	iters: 1200, epoch: 2 | loss: 0.3771186
	speed: 0.0764s/iter; left time: 17417.9177s
	iters: 1300, epoch: 2 | loss: 0.3724083
	speed: 0.0763s/iter; left time: 17385.5787s
	iters: 1400, epoch: 2 | loss: 0.4168769
	speed: 0.0763s/iter; left time: 17366.4710s
	iters: 1500, epoch: 2 | loss: 0.4431088
	speed: 0.0762s/iter; left time: 17349.9156s
	iters: 1600, epoch: 2 | loss: 0.5195103
	speed: 0.0763s/iter; left time: 17360.5082s
	iters: 1700, epoch: 2 | loss: 0.6014550
	speed: 0.0764s/iter; left time: 17371.4004s
	iters: 1800, epoch: 2 | loss: 0.3460052
	speed: 0.0763s/iter; left time: 17331.9939s
	iters: 1900, epoch: 2 | loss: 0.4898802
	speed: 0.0764s/iter; left time: 17364.0522s
	iters: 2000, epoch: 2 | loss: 0.5806853
	speed: 0.0763s/iter; left time: 17317.0118s
	iters: 2100, epoch: 2 | loss: 0.4670124
	speed: 0.0763s/iter; left time: 17318.6917s
	iters: 2200, epoch: 2 | loss: 0.6728950
	speed: 0.0762s/iter; left time: 17286.5578s
	iters: 2300, epoch: 2 | loss: 0.4120841
	speed: 0.0763s/iter; left time: 17297.2745s
Epoch: 2 cost time: 176.74382519721985
Epoch: 2 | Train Loss: 0.4777872 Vali Loss: 1.2216803 Test Loss: 0.5541810 MAE Loss: 0.5023099
EarlyStopping counter: 1 out of 3
Updating learning rate to 0.0003999999999999993
	iters: 100, epoch: 3 | loss: 0.5688968
	speed: 0.6325s/iter; left time: 143377.2387s
	iters: 200, epoch: 3 | loss: 0.5985131
	speed: 0.0765s/iter; left time: 17324.3397s
	iters: 300, epoch: 3 | loss: 0.4536192
	speed: 0.0764s/iter; left time: 17311.0503s
	iters: 400, epoch: 3 | loss: 0.5014530
	speed: 0.0765s/iter; left time: 17325.0718s
	iters: 500, epoch: 3 | loss: 0.3858661
	speed: 0.0767s/iter; left time: 17348.0106s
	iters: 600, epoch: 3 | loss: 0.3908946
	speed: 0.0768s/iter; left time: 17375.7270s
	iters: 700, epoch: 3 | loss: 0.5413132
	speed: 0.0769s/iter; left time: 17376.4680s
	iters: 800, epoch: 3 | loss: 0.2777612
	speed: 0.0770s/iter; left time: 17389.0031s
	iters: 900, epoch: 3 | loss: 0.3621530
	speed: 0.0771s/iter; left time: 17418.1596s
	iters: 1000, epoch: 3 | loss: 0.5627604
	speed: 0.0772s/iter; left time: 17439.3341s
	iters: 1100, epoch: 3 | loss: 0.3158401
	speed: 0.0771s/iter; left time: 17408.8715s
	iters: 1200, epoch: 3 | loss: 0.4124159
	speed: 0.0773s/iter; left time: 17447.8051s
	iters: 1300, epoch: 3 | loss: 0.4354098
	speed: 0.0775s/iter; left time: 17471.5729s
	iters: 1400, epoch: 3 | loss: 0.4646046
	speed: 0.0775s/iter; left time: 17466.4349s
	iters: 1500, epoch: 3 | loss: 0.5852866
	speed: 0.0774s/iter; left time: 17439.5966s
	iters: 1600, epoch: 3 | loss: 0.5187500
	speed: 0.0774s/iter; left time: 17425.1594s
	iters: 1700, epoch: 3 | loss: 0.3811855
	speed: 0.0771s/iter; left time: 17364.1730s
	iters: 1800, epoch: 3 | loss: 0.2985179
	speed: 0.0775s/iter; left time: 17434.5477s
	iters: 1900, epoch: 3 | loss: 0.4753033
	speed: 0.0764s/iter; left time: 17182.9856s
	iters: 2000, epoch: 3 | loss: 0.4962903
	speed: 0.0764s/iter; left time: 17165.9983s
	iters: 2100, epoch: 3 | loss: 0.4657177
	speed: 0.0763s/iter; left time: 17141.9245s
	iters: 2200, epoch: 3 | loss: 0.6104168
	speed: 0.0764s/iter; left time: 17159.8945s
	iters: 2300, epoch: 3 | loss: 0.3417714
	speed: 0.0764s/iter; left time: 17147.7342s
Epoch: 3 cost time: 178.0325469970703
Epoch: 3 | Train Loss: 0.4765111 Vali Loss: 1.0820449 Test Loss: 0.4623266 MAE Loss: 0.4636245
Updating learning rate to 0.00019999999999999966
	iters: 100, epoch: 4 | loss: 0.3994170
	speed: 0.6322s/iter; left time: 141837.9604s
	iters: 200, epoch: 4 | loss: 0.7310476
	speed: 0.0763s/iter; left time: 17105.5184s
	iters: 300, epoch: 4 | loss: 0.4439031
	speed: 0.0762s/iter; left time: 17086.9638s
	iters: 400, epoch: 4 | loss: 0.4582254
	speed: 0.0762s/iter; left time: 17079.3352s
	iters: 500, epoch: 4 | loss: 0.6715609
	speed: 0.0762s/iter; left time: 17076.3008s
	iters: 600, epoch: 4 | loss: 0.4133843
	speed: 0.0765s/iter; left time: 17118.6383s
	iters: 700, epoch: 4 | loss: 0.4334143
	speed: 0.0762s/iter; left time: 17059.2775s
	iters: 800, epoch: 4 | loss: 0.2574143
	speed: 0.0765s/iter; left time: 17111.1578s
	iters: 900, epoch: 4 | loss: 0.4632093
	speed: 0.0763s/iter; left time: 17061.0869s
	iters: 1000, epoch: 4 | loss: 0.6241665
	speed: 0.0762s/iter; left time: 17033.5980s
	iters: 1100, epoch: 4 | loss: 0.4118437
	speed: 0.0763s/iter; left time: 17033.8210s
	iters: 1200, epoch: 4 | loss: 0.4771633
	speed: 0.0764s/iter; left time: 17051.3589s
	iters: 1300, epoch: 4 | loss: 0.4228402
	speed: 0.0764s/iter; left time: 17044.1013s
	iters: 1400, epoch: 4 | loss: 0.4581933
	speed: 0.0764s/iter; left time: 17034.8283s
	iters: 1500, epoch: 4 | loss: 0.5514154
	speed: 0.0762s/iter; left time: 16986.2340s
	iters: 1600, epoch: 4 | loss: 0.3257655
	speed: 0.0763s/iter; left time: 17001.4683s
	iters: 1700, epoch: 4 | loss: 0.3629149
	speed: 0.0764s/iter; left time: 17009.2233s
	iters: 1800, epoch: 4 | loss: 0.2248893
	speed: 0.0764s/iter; left time: 17017.9471s
	iters: 1900, epoch: 4 | loss: 0.4153524
	speed: 0.0763s/iter; left time: 16981.2159s
	iters: 2000, epoch: 4 | loss: 0.3228295
	speed: 0.0764s/iter; left time: 16990.1842s
	iters: 2100, epoch: 4 | loss: 0.5149110
	speed: 0.0764s/iter; left time: 16983.0886s
	iters: 2200, epoch: 4 | loss: 0.4256405
	speed: 0.0763s/iter; left time: 16967.7694s
	iters: 2300, epoch: 4 | loss: 0.4614334
	speed: 0.0763s/iter; left time: 16951.8480s
Epoch: 4 cost time: 176.7541790008545
Epoch: 4 | Train Loss: 0.4575332 Vali Loss: 1.0585034 Test Loss: 0.4485591 MAE Loss: 0.4548095
Updating learning rate to 9.999999999999983e-05
	iters: 100, epoch: 5 | loss: 0.2926780
	speed: 0.6331s/iter; left time: 140568.3323s
	iters: 200, epoch: 5 | loss: 0.5963688
	speed: 0.0762s/iter; left time: 16916.2483s
	iters: 300, epoch: 5 | loss: 0.3694519
	speed: 0.0763s/iter; left time: 16925.5583s
	iters: 400, epoch: 5 | loss: 0.4752846
	speed: 0.0763s/iter; left time: 16922.2968s
	iters: 500, epoch: 5 | loss: 0.5628814
	speed: 0.0763s/iter; left time: 16900.8371s
	iters: 600, epoch: 5 | loss: 0.5354609
	speed: 0.0763s/iter; left time: 16914.0850s
	iters: 700, epoch: 5 | loss: 0.4267793
	speed: 0.0763s/iter; left time: 16900.7135s
	iters: 800, epoch: 5 | loss: 0.5047494
	speed: 0.0764s/iter; left time: 16900.2206s
	iters: 900, epoch: 5 | loss: 0.3715874
	speed: 0.0762s/iter; left time: 16850.1794s
	iters: 1000, epoch: 5 | loss: 0.4902374
	speed: 0.0762s/iter; left time: 16840.5782s
	iters: 1100, epoch: 5 | loss: 0.5702100
	speed: 0.0763s/iter; left time: 16863.3664s
	iters: 1200, epoch: 5 | loss: 0.3567127
	speed: 0.0763s/iter; left time: 16867.0320s
	iters: 1300, epoch: 5 | loss: 0.4529195
	speed: 0.0768s/iter; left time: 16953.6026s
	iters: 1400, epoch: 5 | loss: 0.5681781
	speed: 0.0769s/iter; left time: 16979.7894s
	iters: 1500, epoch: 5 | loss: 0.6771554
	speed: 0.0771s/iter; left time: 17019.7283s
	iters: 1600, epoch: 5 | loss: 0.4518000
	speed: 0.0768s/iter; left time: 16948.2064s
	iters: 1700, epoch: 5 | loss: 0.4124983
	speed: 0.0770s/iter; left time: 16968.9031s
	iters: 1800, epoch: 5 | loss: 0.3164962
	speed: 0.0771s/iter; left time: 16991.5998s
	iters: 1900, epoch: 5 | loss: 0.4410739
	speed: 0.0773s/iter; left time: 17016.8057s
	iters: 2000, epoch: 5 | loss: 0.6492030
	speed: 0.0774s/iter; left time: 17038.9291s
	iters: 2100, epoch: 5 | loss: 0.5383442
	speed: 0.0775s/iter; left time: 17043.8301s
	iters: 2200, epoch: 5 | loss: 0.4268162
	speed: 0.0775s/iter; left time: 17038.3635s
	iters: 2300, epoch: 5 | loss: 0.6691735
	speed: 0.0773s/iter; left time: 17004.5435s
Epoch: 5 cost time: 177.64860653877258
Epoch: 5 | Train Loss: 0.4505301 Vali Loss: 1.0567530 Test Loss: 0.4418838 MAE Loss: 0.4511109
Updating learning rate to 4.9999999999999914e-05
	iters: 100, epoch: 6 | loss: 0.4608856
	speed: 0.6363s/iter; left time: 139813.1450s
	iters: 200, epoch: 6 | loss: 0.3962335
	speed: 0.0766s/iter; left time: 16823.8175s
	iters: 300, epoch: 6 | loss: 0.9829059
	speed: 0.0766s/iter; left time: 16817.8978s
	iters: 400, epoch: 6 | loss: 0.4250640
	speed: 0.0762s/iter; left time: 16715.3423s
	iters: 500, epoch: 6 | loss: 0.7079443
	speed: 0.0766s/iter; left time: 16792.9836s
	iters: 600, epoch: 6 | loss: 0.3439622
	speed: 0.0764s/iter; left time: 16751.1528s
	iters: 700, epoch: 6 | loss: 0.3739478
	speed: 0.0764s/iter; left time: 16744.8813s
	iters: 800, epoch: 6 | loss: 0.6033155
	speed: 0.0764s/iter; left time: 16735.0272s
	iters: 900, epoch: 6 | loss: 0.3177969
	speed: 0.0763s/iter; left time: 16705.2655s
	iters: 1000, epoch: 6 | loss: 0.4763912
	speed: 0.0762s/iter; left time: 16672.9853s
	iters: 1100, epoch: 6 | loss: 0.9132002
	speed: 0.0764s/iter; left time: 16711.6019s
	iters: 1200, epoch: 6 | loss: 0.4847831
	speed: 0.0762s/iter; left time: 16667.5561s
	iters: 1300, epoch: 6 | loss: 0.3127038
	speed: 0.0764s/iter; left time: 16704.0877s
	iters: 1400, epoch: 6 | loss: 0.4692667
	speed: 0.0764s/iter; left time: 16681.6350s
	iters: 1500, epoch: 6 | loss: 0.3548007
	speed: 0.0763s/iter; left time: 16653.9983s
	iters: 1600, epoch: 6 | loss: 0.2621927
	speed: 0.0762s/iter; left time: 16626.2602s
	iters: 1700, epoch: 6 | loss: 0.3851083
	speed: 0.0764s/iter; left time: 16675.9610s
	iters: 1800, epoch: 6 | loss: 0.3387077
	speed: 0.0765s/iter; left time: 16684.6885s
	iters: 1900, epoch: 6 | loss: 0.4491038
	speed: 0.0763s/iter; left time: 16633.5502s
	iters: 2000, epoch: 6 | loss: 0.4512304
	speed: 0.0763s/iter; left time: 16628.1436s
	iters: 2100, epoch: 6 | loss: 0.3563125
	speed: 0.0765s/iter; left time: 16648.9263s
	iters: 2200, epoch: 6 | loss: 0.4327626
	speed: 0.0765s/iter; left time: 16647.8310s
	iters: 2300, epoch: 6 | loss: 0.4582928
	speed: 0.0765s/iter; left time: 16634.5153s
Epoch: 6 cost time: 176.90601658821106
Epoch: 6 | Train Loss: 0.4462409 Vali Loss: 1.0687510 Test Loss: 0.4405466 MAE Loss: 0.4502732
EarlyStopping counter: 1 out of 3
Updating learning rate to 2.4999999999999957e-05
	iters: 100, epoch: 7 | loss: 0.4569702
	speed: 0.6323s/iter; left time: 137463.8839s
	iters: 200, epoch: 7 | loss: 0.5005301
	speed: 0.0765s/iter; left time: 16634.2293s
	iters: 300, epoch: 7 | loss: 0.4512399
	speed: 0.0763s/iter; left time: 16574.9593s
	iters: 400, epoch: 7 | loss: 0.4644098
	speed: 0.0763s/iter; left time: 16560.8524s
	iters: 500, epoch: 7 | loss: 0.4278616
	speed: 0.0765s/iter; left time: 16592.0315s
	iters: 600, epoch: 7 | loss: 0.4754725
	speed: 0.0764s/iter; left time: 16565.5088s
	iters: 700, epoch: 7 | loss: 0.5399917
	speed: 0.0762s/iter; left time: 16531.3673s
	iters: 800, epoch: 7 | loss: 0.6493047
	speed: 0.0764s/iter; left time: 16561.2599s
	iters: 900, epoch: 7 | loss: 0.4740297
	speed: 0.0764s/iter; left time: 16545.8340s
	iters: 1000, epoch: 7 | loss: 0.5739844
	speed: 0.0763s/iter; left time: 16517.9290s
	iters: 1100, epoch: 7 | loss: 0.6625729
	speed: 0.0762s/iter; left time: 16480.3646s
	iters: 1200, epoch: 7 | loss: 0.3159479
	speed: 0.0763s/iter; left time: 16499.4880s
	iters: 1300, epoch: 7 | loss: 0.3157635
	speed: 0.0762s/iter; left time: 16469.6043s
	iters: 1400, epoch: 7 | loss: 0.5122707
	speed: 0.0763s/iter; left time: 16480.6747s
	iters: 1500, epoch: 7 | loss: 0.3893860
	speed: 0.0762s/iter; left time: 16458.6436s
	iters: 1600, epoch: 7 | loss: 0.4067485
	speed: 0.0764s/iter; left time: 16498.8620s
	iters: 1700, epoch: 7 | loss: 0.3480941
	speed: 0.0762s/iter; left time: 16451.0757s
	iters: 1800, epoch: 7 | loss: 0.4243158
	speed: 0.0764s/iter; left time: 16471.3065s
	iters: 1900, epoch: 7 | loss: 0.5154776
	speed: 0.0765s/iter; left time: 16489.8926s
	iters: 2000, epoch: 7 | loss: 0.4908763
	speed: 0.0764s/iter; left time: 16457.6533s
	iters: 2100, epoch: 7 | loss: 0.4060945
	speed: 0.0764s/iter; left time: 16453.2475s
	iters: 2200, epoch: 7 | loss: 0.2949381
	speed: 0.0766s/iter; left time: 16483.1344s
	iters: 2300, epoch: 7 | loss: 0.5685875
	speed: 0.0766s/iter; left time: 16476.6746s
Epoch: 7 cost time: 176.8101782798767
Epoch: 7 | Train Loss: 0.4427117 Vali Loss: 1.0626196 Test Loss: 0.4387257 MAE Loss: 0.4491520
EarlyStopping counter: 2 out of 3
Updating learning rate to 1.2499999999999979e-05
	iters: 100, epoch: 8 | loss: 0.3224751
	speed: 0.6432s/iter; left time: 138353.1658s
	iters: 200, epoch: 8 | loss: 0.3354854
	speed: 0.0771s/iter; left time: 16584.6814s
	iters: 300, epoch: 8 | loss: 0.4212764
	speed: 0.0774s/iter; left time: 16642.3060s
	iters: 400, epoch: 8 | loss: 0.6480544
	speed: 0.0773s/iter; left time: 16594.8103s
	iters: 500, epoch: 8 | loss: 0.5007319
	speed: 0.0772s/iter; left time: 16571.7863s
	iters: 600, epoch: 8 | loss: 0.3944747
	speed: 0.0769s/iter; left time: 16502.2960s
	iters: 700, epoch: 8 | loss: 0.3849889
	speed: 0.0765s/iter; left time: 16399.4483s
	iters: 800, epoch: 8 | loss: 0.4048473
	speed: 0.0765s/iter; left time: 16411.2742s
	iters: 900, epoch: 8 | loss: 0.4527248
	speed: 0.0765s/iter; left time: 16392.6070s
	iters: 1000, epoch: 8 | loss: 0.3622271
	speed: 0.0764s/iter; left time: 16355.7539s
	iters: 1100, epoch: 8 | loss: 0.4898922
	speed: 0.0763s/iter; left time: 16346.7426s
	iters: 1200, epoch: 8 | loss: 0.4917140
	speed: 0.0763s/iter; left time: 16323.7530s
	iters: 1300, epoch: 8 | loss: 0.4829931
	speed: 0.0764s/iter; left time: 16341.3556s
	iters: 1400, epoch: 8 | loss: 0.4154267
	speed: 0.0762s/iter; left time: 16300.8190s
	iters: 1500, epoch: 8 | loss: 0.4056720
	speed: 0.0765s/iter; left time: 16358.8576s
	iters: 1600, epoch: 8 | loss: 0.4452842
	speed: 0.0763s/iter; left time: 16306.0956s
	iters: 1700, epoch: 8 | loss: 0.3339054
	speed: 0.0764s/iter; left time: 16308.6394s
	iters: 1800, epoch: 8 | loss: 0.4297575
	speed: 0.0763s/iter; left time: 16280.8597s
	iters: 1900, epoch: 8 | loss: 0.2886781
	speed: 0.0762s/iter; left time: 16247.3772s
	iters: 2000, epoch: 8 | loss: 0.3974766
	speed: 0.0761s/iter; left time: 16231.3394s
	iters: 2100, epoch: 8 | loss: 0.3209306
	speed: 0.0765s/iter; left time: 16292.4178s
	iters: 2200, epoch: 8 | loss: 0.5411628
	speed: 0.0764s/iter; left time: 16264.2848s
	iters: 2300, epoch: 8 | loss: 0.4495406
	speed: 0.0765s/iter; left time: 16295.5434s
Epoch: 8 cost time: 177.38790345191956
Epoch: 8 | Train Loss: 0.4380037 Vali Loss: 1.0530893 Test Loss: 0.4359137 MAE Loss: 0.4469995
Updating learning rate to 6.249999999999989e-06
	iters: 100, epoch: 9 | loss: 0.2356964
	speed: 0.6321s/iter; left time: 134505.1953s
	iters: 200, epoch: 9 | loss: 0.5741528
	speed: 0.0765s/iter; left time: 16267.1292s
	iters: 300, epoch: 9 | loss: 0.5235204
	speed: 0.0762s/iter; left time: 16208.4870s
	iters: 400, epoch: 9 | loss: 0.3687185
	speed: 0.0763s/iter; left time: 16204.6552s
	iters: 500, epoch: 9 | loss: 0.5267005
	speed: 0.0763s/iter; left time: 16201.8477s
	iters: 600, epoch: 9 | loss: 0.3643528
	speed: 0.0762s/iter; left time: 16179.5277s
	iters: 700, epoch: 9 | loss: 0.3161906
	speed: 0.0762s/iter; left time: 16171.7206s
	iters: 800, epoch: 9 | loss: 0.4160930
	speed: 0.0765s/iter; left time: 16215.3675s
	iters: 900, epoch: 9 | loss: 0.2796500
	speed: 0.0762s/iter; left time: 16148.4047s
	iters: 1000, epoch: 9 | loss: 0.3890173
	speed: 0.0772s/iter; left time: 16363.0241s
	iters: 1100, epoch: 9 | loss: 0.5041075
	speed: 0.0765s/iter; left time: 16192.2284s
	iters: 1200, epoch: 9 | loss: 0.4075247
	speed: 0.0766s/iter; left time: 16212.8990s
	iters: 1300, epoch: 9 | loss: 0.4203065
	speed: 0.0764s/iter; left time: 16168.3656s
	iters: 1400, epoch: 9 | loss: 0.4643557
	speed: 0.0765s/iter; left time: 16175.3075s
	iters: 1500, epoch: 9 | loss: 0.6319727
	speed: 0.0764s/iter; left time: 16141.4099s
	iters: 1600, epoch: 9 | loss: 0.4755415
	speed: 0.0762s/iter; left time: 16108.3204s
	iters: 1700, epoch: 9 | loss: 0.5725006
	speed: 0.0764s/iter; left time: 16141.6967s
	iters: 1800, epoch: 9 | loss: 0.4640027
	speed: 0.0763s/iter; left time: 16112.1383s
	iters: 1900, epoch: 9 | loss: 0.4793569
	speed: 0.0764s/iter; left time: 16127.7714s
	iters: 2000, epoch: 9 | loss: 0.3040723
	speed: 0.0764s/iter; left time: 16105.6715s
	iters: 2100, epoch: 9 | loss: 0.7001898
	speed: 0.0763s/iter; left time: 16092.5672s
	iters: 2200, epoch: 9 | loss: 0.5378602
	speed: 0.0763s/iter; left time: 16084.5535s
	iters: 2300, epoch: 9 | loss: 0.4415418
	speed: 0.0764s/iter; left time: 16082.9572s
Epoch: 9 cost time: 176.90874314308167
Epoch: 9 | Train Loss: 0.4367257 Vali Loss: 1.0470803 Test Loss: 0.4337050 MAE Loss: 0.4451861
Updating learning rate to 3.1249999999999946e-06
	iters: 100, epoch: 10 | loss: 0.4069575
	speed: 0.6335s/iter; left time: 133342.2893s
	iters: 200, epoch: 10 | loss: 0.5353634
	speed: 0.0764s/iter; left time: 16064.0056s
	iters: 300, epoch: 10 | loss: 0.6004531
	speed: 0.0768s/iter; left time: 16143.0695s
	iters: 400, epoch: 10 | loss: 0.4760385
	speed: 0.0768s/iter; left time: 16146.6445s
	iters: 500, epoch: 10 | loss: 0.3583495
	speed: 0.0770s/iter; left time: 16178.0595s
	iters: 600, epoch: 10 | loss: 0.3915858
	speed: 0.0772s/iter; left time: 16219.4392s
	iters: 700, epoch: 10 | loss: 0.3820180
	speed: 0.0774s/iter; left time: 16251.3489s
	iters: 800, epoch: 10 | loss: 0.5010834
	speed: 0.0771s/iter; left time: 16174.5078s
	iters: 900, epoch: 10 | loss: 0.2391990
	speed: 0.0772s/iter; left time: 16189.1571s
	iters: 1000, epoch: 10 | loss: 0.5405534
	speed: 0.0774s/iter; left time: 16223.3670s
	iters: 1100, epoch: 10 | loss: 0.3241637
	speed: 0.0773s/iter; left time: 16199.9719s
	iters: 1200, epoch: 10 | loss: 0.4361626
	speed: 0.0775s/iter; left time: 16227.9448s
	iters: 1300, epoch: 10 | loss: 0.4257053
	speed: 0.0774s/iter; left time: 16198.7233s
	iters: 1400, epoch: 10 | loss: 0.4463342
	speed: 0.0775s/iter; left time: 16201.5266s
	iters: 1500, epoch: 10 | loss: 0.3804795
	speed: 0.0775s/iter; left time: 16196.8657s
	iters: 1600, epoch: 10 | loss: 0.4079935
	speed: 0.0777s/iter; left time: 16231.2571s
	iters: 1700, epoch: 10 | loss: 0.2824656
	speed: 0.0769s/iter; left time: 16065.7749s
	iters: 1800, epoch: 10 | loss: 0.4107398
	speed: 0.0763s/iter; left time: 15925.2057s
	iters: 1900, epoch: 10 | loss: 0.7932712
	speed: 0.0764s/iter; left time: 15939.5796s
	iters: 2000, epoch: 10 | loss: 0.5353786
	speed: 0.0763s/iter; left time: 15919.1546s
	iters: 2100, epoch: 10 | loss: 0.2878210
	speed: 0.0764s/iter; left time: 15934.2261s
	iters: 2200, epoch: 10 | loss: 0.4465258
	speed: 0.0763s/iter; left time: 15892.2681s
	iters: 2300, epoch: 10 | loss: 0.3196758
	speed: 0.0764s/iter; left time: 15908.2084s
Epoch: 10 cost time: 178.16366934776306
Epoch: 10 | Train Loss: 0.4357364 Vali Loss: 1.0465942 Test Loss: 0.4330448 MAE Loss: 0.4451943
Updating learning rate to 1.5624999999999973e-06
	iters: 100, epoch: 11 | loss: 0.5532708
	speed: 0.6333s/iter; left time: 131830.1041s
	iters: 200, epoch: 11 | loss: 0.4621978
	speed: 0.0766s/iter; left time: 15946.4707s
	iters: 300, epoch: 11 | loss: 0.4051149
	speed: 0.0762s/iter; left time: 15853.3874s
	iters: 400, epoch: 11 | loss: 0.6339380
	speed: 0.0764s/iter; left time: 15884.7544s
	iters: 500, epoch: 11 | loss: 0.3926458
	speed: 0.0764s/iter; left time: 15867.0307s
	iters: 600, epoch: 11 | loss: 0.4765383
	speed: 0.0763s/iter; left time: 15837.5392s
	iters: 700, epoch: 11 | loss: 0.3804697
	speed: 0.0763s/iter; left time: 15832.4037s
	iters: 800, epoch: 11 | loss: 0.5345187
	speed: 0.0762s/iter; left time: 15812.2861s
	iters: 900, epoch: 11 | loss: 0.4050291
	speed: 0.0764s/iter; left time: 15846.0252s
	iters: 1000, epoch: 11 | loss: 0.4001637
	speed: 0.0762s/iter; left time: 15800.9211s
	iters: 1100, epoch: 11 | loss: 0.4642612
	speed: 0.0762s/iter; left time: 15786.5827s
	iters: 1200, epoch: 11 | loss: 0.3217690
	speed: 0.0762s/iter; left time: 15774.5834s
	iters: 1300, epoch: 11 | loss: 0.5023378
	speed: 0.0762s/iter; left time: 15772.5522s
	iters: 1400, epoch: 11 | loss: 0.3219754
	speed: 0.0762s/iter; left time: 15758.3845s
	iters: 1500, epoch: 11 | loss: 0.5248621
	speed: 0.0762s/iter; left time: 15763.5825s
	iters: 1600, epoch: 11 | loss: 0.3802100
	speed: 0.0763s/iter; left time: 15775.4095s
	iters: 1700, epoch: 11 | loss: 0.2755793
	speed: 0.0762s/iter; left time: 15747.6858s
	iters: 1800, epoch: 11 | loss: 0.3568697
	speed: 0.0764s/iter; left time: 15774.3408s
	iters: 1900, epoch: 11 | loss: 0.5249319
	speed: 0.0764s/iter; left time: 15769.7346s
	iters: 2000, epoch: 11 | loss: 0.5698074
	speed: 0.0762s/iter; left time: 15723.9692s
	iters: 2100, epoch: 11 | loss: 0.6669482
	speed: 0.0765s/iter; left time: 15762.3385s
	iters: 2200, epoch: 11 | loss: 0.4354314
	speed: 0.0764s/iter; left time: 15751.5265s
	iters: 2300, epoch: 11 | loss: 0.4277589
	speed: 0.0763s/iter; left time: 15721.9762s
Epoch: 11 cost time: 176.74275469779968
Epoch: 11 | Train Loss: 0.4354425 Vali Loss: 1.0449797 Test Loss: 0.4328390 MAE Loss: 0.4450509
Updating learning rate to 7.812499999999987e-07
	iters: 100, epoch: 12 | loss: 0.4870190
	speed: 0.6317s/iter; left time: 130034.2754s
	iters: 200, epoch: 12 | loss: 0.4087183
	speed: 0.0761s/iter; left time: 15657.5628s
	iters: 300, epoch: 12 | loss: 0.5713114
	speed: 0.0764s/iter; left time: 15713.7300s
	iters: 400, epoch: 12 | loss: 0.3942256
	speed: 0.0762s/iter; left time: 15664.8394s
	iters: 500, epoch: 12 | loss: 0.4430554
	speed: 0.0763s/iter; left time: 15674.8050s
	iters: 600, epoch: 12 | loss: 0.4036238
	speed: 0.0763s/iter; left time: 15676.9245s
	iters: 700, epoch: 12 | loss: 0.3701648
	speed: 0.0762s/iter; left time: 15638.3517s
	iters: 800, epoch: 12 | loss: 0.3762347
	speed: 0.0762s/iter; left time: 15625.8335s
	iters: 900, epoch: 12 | loss: 0.3449696
	speed: 0.0763s/iter; left time: 15649.0731s
	iters: 1000, epoch: 12 | loss: 0.4254360
	speed: 0.0763s/iter; left time: 15629.0245s
	iters: 1100, epoch: 12 | loss: 0.5033152
	speed: 0.0762s/iter; left time: 15614.7008s
	iters: 1200, epoch: 12 | loss: 0.4225630
	speed: 0.0764s/iter; left time: 15632.8860s
	iters: 1300, epoch: 12 | loss: 0.4500803
	speed: 0.0762s/iter; left time: 15601.7239s
	iters: 1400, epoch: 12 | loss: 0.4393949
	speed: 0.0764s/iter; left time: 15624.1831s
	iters: 1500, epoch: 12 | loss: 0.4005135
	speed: 0.0769s/iter; left time: 15713.2702s
	iters: 1600, epoch: 12 | loss: 0.5075716
	speed: 0.0770s/iter; left time: 15732.3250s
	iters: 1700, epoch: 12 | loss: 0.3321109
	speed: 0.0773s/iter; left time: 15780.4969s
	iters: 1800, epoch: 12 | loss: 0.4434264
	speed: 0.0773s/iter; left time: 15777.3746s
	iters: 1900, epoch: 12 | loss: 0.4867637
	speed: 0.0769s/iter; left time: 15695.2119s
	iters: 2000, epoch: 12 | loss: 0.2905649
	speed: 0.0772s/iter; left time: 15738.5978s
	iters: 2100, epoch: 12 | loss: 0.3258674
	speed: 0.0773s/iter; left time: 15762.2726s
	iters: 2200, epoch: 12 | loss: 0.4465280
	speed: 0.0775s/iter; left time: 15788.6933s
	iters: 2300, epoch: 12 | loss: 0.2639595
	speed: 0.0773s/iter; left time: 15734.7753s
Epoch: 12 cost time: 177.4594738483429
Epoch: 12 | Train Loss: 0.4352411 Vali Loss: 1.0447123 Test Loss: 0.4335215 MAE Loss: 0.4456807
Updating learning rate to 3.9062499999999933e-07
	iters: 100, epoch: 13 | loss: 0.4262908
	speed: 0.6425s/iter; left time: 130771.9678s
	iters: 200, epoch: 13 | loss: 0.4461311
	speed: 0.0766s/iter; left time: 15590.0653s
	iters: 300, epoch: 13 | loss: 0.5256099
	speed: 0.0766s/iter; left time: 15567.0613s
	iters: 400, epoch: 13 | loss: 0.4414990
	speed: 0.0765s/iter; left time: 15555.4878s
	iters: 500, epoch: 13 | loss: 0.4257800
	speed: 0.0764s/iter; left time: 15522.5133s
	iters: 600, epoch: 13 | loss: 0.3692150
	speed: 0.0764s/iter; left time: 15518.1431s
	iters: 700, epoch: 13 | loss: 0.4570321
	speed: 0.0764s/iter; left time: 15496.7775s
	iters: 800, epoch: 13 | loss: 0.4001283
	speed: 0.0763s/iter; left time: 15474.3727s
	iters: 900, epoch: 13 | loss: 0.6315081
	speed: 0.0762s/iter; left time: 15452.1652s
	iters: 1000, epoch: 13 | loss: 0.4838932
	speed: 0.0765s/iter; left time: 15500.2401s
	iters: 1100, epoch: 13 | loss: 0.4086851
	speed: 0.0764s/iter; left time: 15468.0055s
	iters: 1200, epoch: 13 | loss: 0.4091289
	speed: 0.0765s/iter; left time: 15484.6034s
	iters: 1300, epoch: 13 | loss: 0.3295590
	speed: 0.0763s/iter; left time: 15439.6488s
	iters: 1400, epoch: 13 | loss: 0.4407412
	speed: 0.0765s/iter; left time: 15467.4852s
	iters: 1500, epoch: 13 | loss: 0.3827239
	speed: 0.0765s/iter; left time: 15469.8411s
	iters: 1600, epoch: 13 | loss: 0.4469701
	speed: 0.0763s/iter; left time: 15420.7673s
	iters: 1700, epoch: 13 | loss: 0.5020548
	speed: 0.0766s/iter; left time: 15470.3317s
	iters: 1800, epoch: 13 | loss: 0.3949030
	speed: 0.0763s/iter; left time: 15408.5839s
	iters: 1900, epoch: 13 | loss: 0.5245089
	speed: 0.0763s/iter; left time: 15385.9751s
	iters: 2000, epoch: 13 | loss: 0.3381866
	speed: 0.0762s/iter; left time: 15369.0008s
	iters: 2100, epoch: 13 | loss: 0.3842088
	speed: 0.0765s/iter; left time: 15417.6740s
	iters: 2200, epoch: 13 | loss: 0.2999988
	speed: 0.0764s/iter; left time: 15392.2606s
	iters: 2300, epoch: 13 | loss: 0.6010634
	speed: 0.0763s/iter; left time: 15352.0526s
Epoch: 13 cost time: 176.95175623893738
Epoch: 13 | Train Loss: 0.4353808 Vali Loss: 1.0451049 Test Loss: 0.4329524 MAE Loss: 0.4452730
EarlyStopping counter: 1 out of 3
Updating learning rate to 1.9531249999999967e-07
	iters: 100, epoch: 14 | loss: 0.4916109
	speed: 0.6333s/iter; left time: 127432.3149s
	iters: 200, epoch: 14 | loss: 0.3015547
	speed: 0.0764s/iter; left time: 15371.9637s
	iters: 300, epoch: 14 | loss: 0.3695879
	speed: 0.0765s/iter; left time: 15370.5107s
	iters: 400, epoch: 14 | loss: 0.6422441
	speed: 0.0765s/iter; left time: 15365.0157s
	iters: 500, epoch: 14 | loss: 0.4831076
	speed: 0.0763s/iter; left time: 15325.6279s
	iters: 600, epoch: 14 | loss: 0.7283987
	speed: 0.0764s/iter; left time: 15338.0410s
	iters: 700, epoch: 14 | loss: 0.3530967
	speed: 0.0764s/iter; left time: 15317.7930s
	iters: 800, epoch: 14 | loss: 0.3085445
	speed: 0.0762s/iter; left time: 15286.7392s
	iters: 900, epoch: 14 | loss: 0.2724687
	speed: 0.0764s/iter; left time: 15302.8804s
	iters: 1000, epoch: 14 | loss: 0.4944699
	speed: 0.0764s/iter; left time: 15297.9811s
	iters: 1100, epoch: 14 | loss: 0.3811109
	speed: 0.0765s/iter; left time: 15317.5227s
	iters: 1200, epoch: 14 | loss: 0.4044499
	speed: 0.0765s/iter; left time: 15308.9558s
	iters: 1300, epoch: 14 | loss: 0.4081137
	speed: 0.0764s/iter; left time: 15288.0309s
	iters: 1400, epoch: 14 | loss: 0.5641906
	speed: 0.0763s/iter; left time: 15256.1340s
	iters: 1500, epoch: 14 | loss: 0.4616363
	speed: 0.0765s/iter; left time: 15278.3016s
	iters: 1600, epoch: 14 | loss: 0.3452771
	speed: 0.0765s/iter; left time: 15270.0236s
	iters: 1700, epoch: 14 | loss: 0.4566804
	speed: 0.0763s/iter; left time: 15226.1906s
	iters: 1800, epoch: 14 | loss: 0.6011696
	speed: 0.0763s/iter; left time: 15231.8528s
	iters: 1900, epoch: 14 | loss: 0.4020982
	speed: 0.0764s/iter; left time: 15231.6622s
	iters: 2000, epoch: 14 | loss: 0.2998738
	speed: 0.0763s/iter; left time: 15208.8834s
	iters: 2100, epoch: 14 | loss: 0.4396094
	speed: 0.0763s/iter; left time: 15206.5642s
	iters: 2200, epoch: 14 | loss: 0.4088558
	speed: 0.0764s/iter; left time: 15209.4907s
	iters: 2300, epoch: 14 | loss: 0.3092219
	speed: 0.0764s/iter; left time: 15203.3877s
Epoch: 14 cost time: 176.92429494857788
Epoch: 14 | Train Loss: 0.4352709 Vali Loss: 1.0449933 Test Loss: 0.4330642 MAE Loss: 0.4453783
EarlyStopping counter: 2 out of 3
Updating learning rate to 9.765624999999983e-08
	iters: 100, epoch: 15 | loss: 0.5680790
	speed: 0.6357s/iter; left time: 126438.1626s
	iters: 200, epoch: 15 | loss: 0.7500456
	speed: 0.0772s/iter; left time: 15342.4606s
	iters: 300, epoch: 15 | loss: 0.4023071
	speed: 0.0773s/iter; left time: 15358.1176s
	iters: 400, epoch: 15 | loss: 0.5644910
	speed: 0.0773s/iter; left time: 15357.1791s
	iters: 500, epoch: 15 | loss: 0.4979914
	speed: 0.0773s/iter; left time: 15336.5229s
	iters: 600, epoch: 15 | loss: 0.4556323
	speed: 0.0773s/iter; left time: 15329.5978s
	iters: 700, epoch: 15 | loss: 0.3938493
	speed: 0.0772s/iter; left time: 15311.7133s
	iters: 800, epoch: 15 | loss: 0.4509827
	speed: 0.0774s/iter; left time: 15339.5378s
	iters: 900, epoch: 15 | loss: 0.3037826
	speed: 0.0771s/iter; left time: 15277.9920s
	iters: 1000, epoch: 15 | loss: 0.5110207
	speed: 0.0772s/iter; left time: 15281.5070s
	iters: 1100, epoch: 15 | loss: 0.3873412
	speed: 0.0774s/iter; left time: 15317.1388s
	iters: 1200, epoch: 15 | loss: 0.4176239
	speed: 0.0769s/iter; left time: 15202.9459s
	iters: 1300, epoch: 15 | loss: 0.6697512
	speed: 0.0765s/iter; left time: 15121.9194s
	iters: 1400, epoch: 15 | loss: 0.4431507
	speed: 0.0765s/iter; left time: 15123.3281s
	iters: 1500, epoch: 15 | loss: 0.3949538
	speed: 0.0765s/iter; left time: 15101.6522s
	iters: 1600, epoch: 15 | loss: 0.3026483
	speed: 0.0762s/iter; left time: 15044.9938s
	iters: 1700, epoch: 15 | loss: 0.4885374
	speed: 0.0765s/iter; left time: 15089.1046s
	iters: 1800, epoch: 15 | loss: 0.4106498
	speed: 0.0763s/iter; left time: 15044.1059s
	iters: 1900, epoch: 15 | loss: 0.3865858
	speed: 0.0765s/iter; left time: 15072.3065s
	iters: 2000, epoch: 15 | loss: 0.4357715
	speed: 0.0763s/iter; left time: 15023.4894s
	iters: 2100, epoch: 15 | loss: 0.7006620
	speed: 0.0765s/iter; left time: 15058.3240s
	iters: 2200, epoch: 15 | loss: 0.4843967
	speed: 0.0764s/iter; left time: 15029.4960s
	iters: 2300, epoch: 15 | loss: 0.5830526
	speed: 0.0765s/iter; left time: 15043.3831s
Epoch: 15 cost time: 177.9560067653656
Epoch: 15 | Train Loss: 0.4353550 Vali Loss: 1.0445273 Test Loss: 0.4331044 MAE Loss: 0.4454059
Updating learning rate to 4.8828124999999916e-08
	iters: 100, epoch: 16 | loss: 0.4406470
	speed: 0.6327s/iter; left time: 124376.0261s
	iters: 200, epoch: 16 | loss: 0.4622495
	speed: 0.0762s/iter; left time: 14979.4846s
	iters: 300, epoch: 16 | loss: 0.4516487
	speed: 0.0763s/iter; left time: 14993.4087s
	iters: 400, epoch: 16 | loss: 0.3891024
	speed: 0.0763s/iter; left time: 14980.0722s
	iters: 500, epoch: 16 | loss: 0.2962628
	speed: 0.0763s/iter; left time: 14960.9984s
	iters: 600, epoch: 16 | loss: 0.5189989
	speed: 0.0763s/iter; left time: 14954.8907s
	iters: 700, epoch: 16 | loss: 0.3659799
	speed: 0.0763s/iter; left time: 14960.9222s
	iters: 800, epoch: 16 | loss: 0.4830341
	speed: 0.0763s/iter; left time: 14953.0814s
	iters: 900, epoch: 16 | loss: 0.4185563
	speed: 0.0762s/iter; left time: 14923.5317s
	iters: 1000, epoch: 16 | loss: 0.3913238
	speed: 0.0763s/iter; left time: 14937.6014s
	iters: 1100, epoch: 16 | loss: 0.4627636
	speed: 0.0762s/iter; left time: 14907.4032s
	iters: 1200, epoch: 16 | loss: 0.4304598
	speed: 0.0763s/iter; left time: 14918.1588s
	iters: 1300, epoch: 16 | loss: 0.5566908
	speed: 0.0762s/iter; left time: 14893.6248s
	iters: 1400, epoch: 16 | loss: 0.4553804
	speed: 0.0764s/iter; left time: 14919.3829s
	iters: 1500, epoch: 16 | loss: 0.3973486
	speed: 0.0764s/iter; left time: 14909.5784s
	iters: 1600, epoch: 16 | loss: 0.3932214
	speed: 0.0763s/iter; left time: 14886.4203s
	iters: 1700, epoch: 16 | loss: 0.4591968
	speed: 0.0763s/iter; left time: 14880.6350s
	iters: 1800, epoch: 16 | loss: 0.2658651
	speed: 0.0763s/iter; left time: 14876.6097s
	iters: 1900, epoch: 16 | loss: 0.7311900
	speed: 0.0763s/iter; left time: 14863.0848s
	iters: 2000, epoch: 16 | loss: 0.5437497
	speed: 0.0764s/iter; left time: 14878.4649s
	iters: 2100, epoch: 16 | loss: 0.4777949
	speed: 0.0764s/iter; left time: 14866.8909s
	iters: 2200, epoch: 16 | loss: 0.3688297
	speed: 0.0763s/iter; left time: 14842.1295s
	iters: 2300, epoch: 16 | loss: 0.3454002
	speed: 0.0764s/iter; left time: 14845.2358s
Epoch: 16 cost time: 176.75687766075134
Epoch: 16 | Train Loss: 0.4352751 Vali Loss: 1.0444816 Test Loss: 0.4331108 MAE Loss: 0.4454003
Updating learning rate to 2.4414062499999958e-08
	iters: 100, epoch: 17 | loss: 0.4961460
	speed: 0.6346s/iter; left time: 123294.5661s
	iters: 200, epoch: 17 | loss: 0.4462214
	speed: 0.0762s/iter; left time: 14802.9699s
	iters: 300, epoch: 17 | loss: 0.5890339
	speed: 0.0764s/iter; left time: 14819.8301s
	iters: 400, epoch: 17 | loss: 0.5336698
	speed: 0.0765s/iter; left time: 14830.4175s
	iters: 500, epoch: 17 | loss: 0.5128966
	speed: 0.0763s/iter; left time: 14794.8700s
	iters: 600, epoch: 17 | loss: 0.4743482
	speed: 0.0764s/iter; left time: 14806.8531s
	iters: 700, epoch: 17 | loss: 0.4247299
	speed: 0.0764s/iter; left time: 14799.2096s
	iters: 800, epoch: 17 | loss: 0.3809196
	speed: 0.0766s/iter; left time: 14832.0053s
	iters: 900, epoch: 17 | loss: 0.5618941
	speed: 0.0766s/iter; left time: 14825.1975s
	iters: 1000, epoch: 17 | loss: 0.4006039
	speed: 0.0764s/iter; left time: 14774.4037s
	iters: 1100, epoch: 17 | loss: 0.3270293
	speed: 0.0764s/iter; left time: 14769.8260s
	iters: 1200, epoch: 17 | loss: 0.5065540
	speed: 0.0765s/iter; left time: 14787.1310s
	iters: 1300, epoch: 17 | loss: 0.4124537
	speed: 0.0767s/iter; left time: 14812.7683s
	iters: 1400, epoch: 17 | loss: 0.4333715
	speed: 0.0771s/iter; left time: 14876.5599s
	iters: 1500, epoch: 17 | loss: 0.5445181
	speed: 0.0772s/iter; left time: 14892.5123s
	iters: 1600, epoch: 17 | loss: 0.3857045
	speed: 0.0774s/iter; left time: 14913.5083s
	iters: 1700, epoch: 17 | loss: 0.4183018
	speed: 0.0770s/iter; left time: 14842.1028s
	iters: 1800, epoch: 17 | loss: 0.5609798
	speed: 0.0771s/iter; left time: 14838.3479s
	iters: 1900, epoch: 17 | loss: 0.4620968
	speed: 0.0773s/iter; left time: 14877.8283s
	iters: 2000, epoch: 17 | loss: 0.4152619
	speed: 0.0776s/iter; left time: 14925.6280s
	iters: 2100, epoch: 17 | loss: 0.3740647
	speed: 0.0775s/iter; left time: 14905.3435s
	iters: 2200, epoch: 17 | loss: 0.4953646
	speed: 0.0774s/iter; left time: 14882.5854s
	iters: 2300, epoch: 17 | loss: 0.3785222
	speed: 0.0774s/iter; left time: 14861.4192s
Epoch: 17 cost time: 177.9454689025879
Epoch: 17 | Train Loss: 0.4349355 Vali Loss: 1.0446331 Test Loss: 0.4331196 MAE Loss: 0.4454150
EarlyStopping counter: 1 out of 3
Updating learning rate to 1.2207031249999979e-08
	iters: 100, epoch: 18 | loss: 0.3660371
	speed: 0.6385s/iter; left time: 122562.2255s
	iters: 200, epoch: 18 | loss: 0.2958771
	speed: 0.0764s/iter; left time: 14655.8541s
	iters: 300, epoch: 18 | loss: 0.4889916
	speed: 0.0764s/iter; left time: 14658.8882s
	iters: 400, epoch: 18 | loss: 0.3927734
	speed: 0.0765s/iter; left time: 14665.1333s
	iters: 500, epoch: 18 | loss: 0.2848467
	speed: 0.0762s/iter; left time: 14599.4055s
	iters: 600, epoch: 18 | loss: 0.3579966
	speed: 0.0765s/iter; left time: 14647.0726s
	iters: 700, epoch: 18 | loss: 0.4709819
	speed: 0.0764s/iter; left time: 14624.5982s
	iters: 800, epoch: 18 | loss: 0.4863281
	speed: 0.0761s/iter; left time: 14561.3354s
	iters: 900, epoch: 18 | loss: 0.4368280
	speed: 0.0762s/iter; left time: 14561.2510s
	iters: 1000, epoch: 18 | loss: 0.4076388
	speed: 0.0763s/iter; left time: 14579.5001s
	iters: 1100, epoch: 18 | loss: 0.4079516
	speed: 0.0765s/iter; left time: 14605.8865s
	iters: 1200, epoch: 18 | loss: 0.4479469
	speed: 0.0765s/iter; left time: 14606.4890s
	iters: 1300, epoch: 18 | loss: 0.3182543
	speed: 0.0762s/iter; left time: 14540.4425s
	iters: 1400, epoch: 18 | loss: 0.3069296
	speed: 0.0764s/iter; left time: 14557.7428s
	iters: 1500, epoch: 18 | loss: 0.4662768
	speed: 0.0763s/iter; left time: 14540.2583s
	iters: 1600, epoch: 18 | loss: 0.3820019
	speed: 0.0764s/iter; left time: 14555.7600s
	iters: 1700, epoch: 18 | loss: 0.5105960
	speed: 0.0765s/iter; left time: 14561.6405s
	iters: 1800, epoch: 18 | loss: 0.4045796
	speed: 0.0763s/iter; left time: 14525.3983s
	iters: 1900, epoch: 18 | loss: 0.3095041
	speed: 0.0765s/iter; left time: 14543.1947s
	iters: 2000, epoch: 18 | loss: 0.4250321
	speed: 0.0763s/iter; left time: 14507.1366s
	iters: 2100, epoch: 18 | loss: 0.5518249
	speed: 0.0764s/iter; left time: 14506.3916s
	iters: 2200, epoch: 18 | loss: 0.3645332
	speed: 0.0763s/iter; left time: 14487.9785s
	iters: 2300, epoch: 18 | loss: 0.3668661
	speed: 0.0762s/iter; left time: 14465.4831s
Epoch: 18 cost time: 176.85965013504028
Epoch: 18 | Train Loss: 0.4355159 Vali Loss: 1.0446543 Test Loss: 0.4331220 MAE Loss: 0.4454195
EarlyStopping counter: 2 out of 3
Updating learning rate to 6.1035156249999895e-09
	iters: 100, epoch: 19 | loss: 0.3702354
	speed: 0.6322s/iter; left time: 119898.9211s
	iters: 200, epoch: 19 | loss: 0.4346379
	speed: 0.0762s/iter; left time: 14449.9713s
	iters: 300, epoch: 19 | loss: 0.6001304
	speed: 0.0763s/iter; left time: 14457.2358s
	iters: 400, epoch: 19 | loss: 0.3660477
	speed: 0.0763s/iter; left time: 14440.9771s
	iters: 500, epoch: 19 | loss: 0.5938069
	speed: 0.0764s/iter; left time: 14449.8813s
	iters: 600, epoch: 19 | loss: 0.3846469
	speed: 0.0762s/iter; left time: 14422.1725s
	iters: 700, epoch: 19 | loss: 0.4716130
	speed: 0.0764s/iter; left time: 14443.6994s
	iters: 800, epoch: 19 | loss: 0.3572027
	speed: 0.0762s/iter; left time: 14401.2224s
	iters: 900, epoch: 19 | loss: 0.3795961
	speed: 0.0764s/iter; left time: 14418.8233s
	iters: 1000, epoch: 19 | loss: 0.4243024
	speed: 0.0765s/iter; left time: 14448.0757s
	iters: 1100, epoch: 19 | loss: 0.4518402
	speed: 0.0763s/iter; left time: 14387.5258s
	iters: 1200, epoch: 19 | loss: 0.5141523
	speed: 0.0763s/iter; left time: 14389.5026s
	iters: 1300, epoch: 19 | loss: 0.3538952
	speed: 0.0762s/iter; left time: 14361.3295s
	iters: 1400, epoch: 19 | loss: 0.4045020
	speed: 0.0764s/iter; left time: 14382.3686s
	iters: 1500, epoch: 19 | loss: 0.3057038
	speed: 0.0763s/iter; left time: 14364.1740s
	iters: 1600, epoch: 19 | loss: 0.3327394
	speed: 0.0764s/iter; left time: 14366.0603s
	iters: 1700, epoch: 19 | loss: 0.3775546
	speed: 0.0763s/iter; left time: 14352.4228s
	iters: 1800, epoch: 19 | loss: 0.3879394
	speed: 0.0764s/iter; left time: 14360.1615s
	iters: 1900, epoch: 19 | loss: 0.3246092
	speed: 0.0762s/iter; left time: 14319.9293s
	iters: 2000, epoch: 19 | loss: 0.5566576
	speed: 0.0762s/iter; left time: 14313.3335s
	iters: 2100, epoch: 19 | loss: 0.4201949
	speed: 0.0764s/iter; left time: 14343.0293s
	iters: 2200, epoch: 19 | loss: 0.4200491
	speed: 0.0762s/iter; left time: 14295.0290s
	iters: 2300, epoch: 19 | loss: 0.5233768
	speed: 0.0763s/iter; left time: 14299.5519s
Epoch: 19 cost time: 176.7362494468689
Epoch: 19 | Train Loss: 0.4348078 Vali Loss: 1.0441091 Test Loss: 0.4331111 MAE Loss: 0.4454156
Updating learning rate to 3.0517578124999948e-09
	iters: 100, epoch: 20 | loss: 0.6246432
	speed: 0.6377s/iter; left time: 119467.8172s
	iters: 200, epoch: 20 | loss: 0.3702347
	speed: 0.0774s/iter; left time: 14483.0989s
	iters: 300, epoch: 20 | loss: 0.3529938
	speed: 0.0773s/iter; left time: 14457.0174s
	iters: 400, epoch: 20 | loss: 0.2721814
	speed: 0.0776s/iter; left time: 14510.7428s
	iters: 500, epoch: 20 | loss: 0.3368415
	speed: 0.0773s/iter; left time: 14451.3529s
	iters: 600, epoch: 20 | loss: 0.3894120
	speed: 0.0772s/iter; left time: 14420.0615s
	iters: 700, epoch: 20 | loss: 0.4759746
	speed: 0.0775s/iter; left time: 14471.4372s
	iters: 800, epoch: 20 | loss: 0.5102364
	speed: 0.0776s/iter; left time: 14486.1892s
	iters: 900, epoch: 20 | loss: 0.7341712
	speed: 0.0775s/iter; left time: 14465.4274s
	iters: 1000, epoch: 20 | loss: 0.4394275
	speed: 0.0775s/iter; left time: 14443.3861s
	iters: 1100, epoch: 20 | loss: 0.3978024
	speed: 0.0770s/iter; left time: 14351.9729s
	iters: 1200, epoch: 20 | loss: 0.6082508
	speed: 0.0765s/iter; left time: 14252.5887s
	iters: 1300, epoch: 20 | loss: 0.3559056
	speed: 0.0764s/iter; left time: 14219.8621s
	iters: 1400, epoch: 20 | loss: 0.3963726
	speed: 0.0763s/iter; left time: 14195.2065s
	iters: 1500, epoch: 20 | loss: 0.3575397
	speed: 0.0767s/iter; left time: 14261.4531s
	iters: 1600, epoch: 20 | loss: 0.3264284
	speed: 0.0764s/iter; left time: 14195.9555s
	iters: 1700, epoch: 20 | loss: 0.4616703
	speed: 0.0764s/iter; left time: 14194.3332s
	iters: 1800, epoch: 20 | loss: 0.6363298
	speed: 0.0766s/iter; left time: 14212.7257s
	iters: 1900, epoch: 20 | loss: 0.5548355
	speed: 0.0763s/iter; left time: 14148.2863s
	iters: 2000, epoch: 20 | loss: 0.4043829
	speed: 0.0765s/iter; left time: 14188.9330s
	iters: 2100, epoch: 20 | loss: 0.4915071
	speed: 0.0763s/iter; left time: 14143.3483s
	iters: 2200, epoch: 20 | loss: 0.2663892
	speed: 0.0762s/iter; left time: 14116.3902s
	iters: 2300, epoch: 20 | loss: 0.4240250
	speed: 0.0763s/iter; left time: 14133.4828s
Epoch: 20 cost time: 178.02759909629822
Epoch: 20 | Train Loss: 0.4353845 Vali Loss: 1.0447653 Test Loss: 0.4331116 MAE Loss: 0.4454125
EarlyStopping counter: 1 out of 3
Updating learning rate to 1.5258789062499974e-09
	iters: 100, epoch: 21 | loss: 0.3922725
	speed: 0.6323s/iter; left time: 116982.0649s
	iters: 200, epoch: 21 | loss: 0.3731984
	speed: 0.0763s/iter; left time: 14108.9069s
	iters: 300, epoch: 21 | loss: 0.3136818
	speed: 0.0764s/iter; left time: 14114.9751s
	iters: 400, epoch: 21 | loss: 0.5002283
	speed: 0.0763s/iter; left time: 14100.0501s
	iters: 500, epoch: 21 | loss: 0.4772992
	speed: 0.0763s/iter; left time: 14086.3250s
	iters: 600, epoch: 21 | loss: 0.5650960
	speed: 0.0762s/iter; left time: 14057.3483s
	iters: 700, epoch: 21 | loss: 0.3833130
	speed: 0.0765s/iter; left time: 14110.0811s
	iters: 800, epoch: 21 | loss: 0.3943255
	speed: 0.0764s/iter; left time: 14078.6709s
	iters: 900, epoch: 21 | loss: 0.4616978
	speed: 0.0765s/iter; left time: 14087.4520s
	iters: 1000, epoch: 21 | loss: 0.3546624
	speed: 0.0763s/iter; left time: 14056.5132s
	iters: 1100, epoch: 21 | loss: 0.3692609
	speed: 0.0763s/iter; left time: 14042.1148s
	iters: 1200, epoch: 21 | loss: 0.5014648
	speed: 0.0764s/iter; left time: 14048.1053s
	iters: 1300, epoch: 21 | loss: 0.5015835
	speed: 0.0764s/iter; left time: 14045.6969s
	iters: 1400, epoch: 21 | loss: 0.2963002
	speed: 0.0764s/iter; left time: 14036.4182s
	iters: 1500, epoch: 21 | loss: 0.4903570
	speed: 0.0764s/iter; left time: 14035.1540s
	iters: 1600, epoch: 21 | loss: 0.4113552
	speed: 0.0765s/iter; left time: 14038.6382s
	iters: 1700, epoch: 21 | loss: 0.4026900
	speed: 0.0763s/iter; left time: 13992.5972s
	iters: 1800, epoch: 21 | loss: 0.4139087
	speed: 0.0764s/iter; left time: 14000.0479s
	iters: 1900, epoch: 21 | loss: 0.3100479
	speed: 0.0762s/iter; left time: 13960.2649s
	iters: 2000, epoch: 21 | loss: 0.5301569
	speed: 0.0762s/iter; left time: 13949.4436s
	iters: 2100, epoch: 21 | loss: 0.4169024
	speed: 0.0763s/iter; left time: 13959.9129s
	iters: 2200, epoch: 21 | loss: 0.4253424
	speed: 0.0762s/iter; left time: 13941.7152s
	iters: 2300, epoch: 21 | loss: 0.4605272
	speed: 0.0763s/iter; left time: 13945.7258s
Epoch: 21 cost time: 176.78176760673523
Epoch: 21 | Train Loss: 0.4351880 Vali Loss: 1.0448650 Test Loss: 0.4331126 MAE Loss: 0.4454137
EarlyStopping counter: 2 out of 3
Updating learning rate to 7.629394531249987e-10
	iters: 100, epoch: 22 | loss: 0.6013147
	speed: 0.6341s/iter; left time: 115854.5145s
	iters: 200, epoch: 22 | loss: 0.6389914
	speed: 0.0762s/iter; left time: 13922.9788s
	iters: 300, epoch: 22 | loss: 0.3918958
	speed: 0.0763s/iter; left time: 13930.4258s
	iters: 400, epoch: 22 | loss: 0.4230508
	speed: 0.0763s/iter; left time: 13917.3751s
	iters: 500, epoch: 22 | loss: 0.4690390
	speed: 0.0763s/iter; left time: 13908.1427s
	iters: 600, epoch: 22 | loss: 0.4364986
	speed: 0.0766s/iter; left time: 13960.9778s
	iters: 700, epoch: 22 | loss: 0.3897404
	speed: 0.0764s/iter; left time: 13910.8692s
	iters: 800, epoch: 22 | loss: 0.3910473
	speed: 0.0764s/iter; left time: 13899.0077s
	iters: 900, epoch: 22 | loss: 0.4209655
	speed: 0.0764s/iter; left time: 13901.2830s
	iters: 1000, epoch: 22 | loss: 0.6299551
	speed: 0.0762s/iter; left time: 13862.5705s
	iters: 1100, epoch: 22 | loss: 0.4418203
	speed: 0.0763s/iter; left time: 13871.2331s
	iters: 1200, epoch: 22 | loss: 0.3170568
	speed: 0.0764s/iter; left time: 13869.9507s
	iters: 1300, epoch: 22 | loss: 0.3663732
	speed: 0.0767s/iter; left time: 13926.6636s
	iters: 1400, epoch: 22 | loss: 0.5317287
	speed: 0.0770s/iter; left time: 13962.3056s
	iters: 1500, epoch: 22 | loss: 0.4836320
	speed: 0.0771s/iter; left time: 13973.1814s
	iters: 1600, epoch: 22 | loss: 0.7251945
	speed: 0.0770s/iter; left time: 13961.9616s
	iters: 1700, epoch: 22 | loss: 0.4328307
	speed: 0.0771s/iter; left time: 13966.3956s
	iters: 1800, epoch: 22 | loss: 0.5615618
	speed: 0.0772s/iter; left time: 13966.7838s
	iters: 1900, epoch: 22 | loss: 0.3374600
	speed: 0.0770s/iter; left time: 13935.2491s
	iters: 2000, epoch: 22 | loss: 0.3416201
	speed: 0.0772s/iter; left time: 13949.8470s
	iters: 2100, epoch: 22 | loss: 0.4843684
	speed: 0.0776s/iter; left time: 14024.4491s
	iters: 2200, epoch: 22 | loss: 0.4523427
	speed: 0.0773s/iter; left time: 13953.5510s
	iters: 2300, epoch: 22 | loss: 0.3825196
	speed: 0.0774s/iter; left time: 13965.5309s
Epoch: 22 cost time: 177.70791292190552
Epoch: 22 | Train Loss: 0.4348226 Vali Loss: 1.0449578 Test Loss: 0.4331124 MAE Loss: 0.4454138
EarlyStopping counter: 3 out of 3
Early stopping
[W826 03:42:09.653040058 AllocatorConfig.cpp:28] Warning: PYTORCH_CUDA_ALLOC_CONF is deprecated, use PYTORCH_ALLOC_CONF instead (function operator())
==========================================
[2026-08-26 03:42:10] Start running:
  dataset      : ETTh1
  model        : TimeLLM
  llm_model    : GPT2
  seq_len      : 512
  pred_len     : 336
  learning_rate: 0.001
  batch_size   : 24
==========================================
Downloading Model from https://www.modelscope.cn to directory: /home/Lain/.cache/modelscope/hub/models/AI-ModelScope/gpt2
2026-08-26 03:42:17,581 - modelscope - WARNING - Model revision not specified, use revision: v1.0.0
	iters: 100, epoch: 1 | loss: 0.5742043
	speed: 0.0837s/iter; left time: 19005.0360s
	iters: 200, epoch: 1 | loss: 0.5851627
	speed: 0.0786s/iter; left time: 17840.8382s
	iters: 300, epoch: 1 | loss: 0.6616575
	speed: 0.0788s/iter; left time: 17890.5888s
	iters: 400, epoch: 1 | loss: 0.3848664
	speed: 0.0786s/iter; left time: 17818.1104s
	iters: 500, epoch: 1 | loss: 0.5624429
	speed: 0.0785s/iter; left time: 17800.5177s
	iters: 600, epoch: 1 | loss: 0.5632194
	speed: 0.0787s/iter; left time: 17825.6090s
	iters: 700, epoch: 1 | loss: 0.6104394
	speed: 0.0785s/iter; left time: 17772.9413s
	iters: 800, epoch: 1 | loss: 0.4640135
	speed: 0.0784s/iter; left time: 17749.0005s
	iters: 900, epoch: 1 | loss: 0.3792661
	speed: 0.0785s/iter; left time: 17768.2740s
	iters: 1000, epoch: 1 | loss: 0.6085503
	speed: 0.0787s/iter; left time: 17809.3972s
	iters: 1100, epoch: 1 | loss: 0.4426317
	speed: 0.0787s/iter; left time: 17802.9908s
	iters: 1200, epoch: 1 | loss: 0.6658840
	speed: 0.0786s/iter; left time: 17771.5636s
	iters: 1300, epoch: 1 | loss: 0.4087369
	speed: 0.0784s/iter; left time: 17712.5502s
	iters: 1400, epoch: 1 | loss: 0.4278020
	speed: 0.0785s/iter; left time: 17719.4806s
	iters: 1500, epoch: 1 | loss: 0.4065403
	speed: 0.0784s/iter; left time: 17693.4316s
	iters: 1600, epoch: 1 | loss: 0.7054538
	speed: 0.0785s/iter; left time: 17716.8229s
	iters: 1700, epoch: 1 | loss: 0.5763176
	speed: 0.0784s/iter; left time: 17675.3701s
	iters: 1800, epoch: 1 | loss: 0.5045325
	speed: 0.0784s/iter; left time: 17670.3387s
	iters: 1900, epoch: 1 | loss: 0.4408345
	speed: 0.0786s/iter; left time: 17712.8262s
	iters: 2000, epoch: 1 | loss: 0.6202863
	speed: 0.0785s/iter; left time: 17671.8073s
	iters: 2100, epoch: 1 | loss: 0.5296463
	speed: 0.0785s/iter; left time: 17670.5614s
	iters: 2200, epoch: 1 | loss: 0.6234052
	speed: 0.0786s/iter; left time: 17676.2104s
Epoch: 1 cost time: 178.79595565795898
Epoch: 1 | Train Loss: 0.5450805 Vali Loss: 1.4099715 Test Loss: 0.5297172 MAE Loss: 0.5045971
lr = 0.0009938442
	iters: 100, epoch: 2 | loss: 0.4677428
	speed: 0.6814s/iter; left time: 153196.1293s
	iters: 200, epoch: 2 | loss: 0.6230422
	speed: 0.0764s/iter; left time: 17166.3977s
	iters: 300, epoch: 2 | loss: 0.4217227
	speed: 0.0763s/iter; left time: 17131.9030s
	iters: 400, epoch: 2 | loss: 0.8136162
	speed: 0.0765s/iter; left time: 17170.0010s
	iters: 500, epoch: 2 | loss: 0.4375093
	speed: 0.0764s/iter; left time: 17150.6907s
	iters: 600, epoch: 2 | loss: 0.5535774
	speed: 0.0766s/iter; left time: 17175.9453s
	iters: 700, epoch: 2 | loss: 0.5318277
	speed: 0.0764s/iter; left time: 17132.5981s
	iters: 800, epoch: 2 | loss: 0.4363015
	speed: 0.0763s/iter; left time: 17091.0407s
	iters: 900, epoch: 2 | loss: 0.6496748
	speed: 0.0764s/iter; left time: 17105.8383s
	iters: 1000, epoch: 2 | loss: 0.5415246
	speed: 0.0763s/iter; left time: 17083.0687s
	iters: 1100, epoch: 2 | loss: 0.4621179
	speed: 0.0763s/iter; left time: 17080.9536s
	iters: 1200, epoch: 2 | loss: 0.6961067
	speed: 0.0762s/iter; left time: 17054.5606s
	iters: 1300, epoch: 2 | loss: 0.6090389
	speed: 0.0763s/iter; left time: 17058.2890s
	iters: 1400, epoch: 2 | loss: 0.7660549
	speed: 0.0764s/iter; left time: 17073.6449s
	iters: 1500, epoch: 2 | loss: 0.4333574
	speed: 0.0764s/iter; left time: 17061.6541s
	iters: 1600, epoch: 2 | loss: 0.6648902
	speed: 0.0763s/iter; left time: 17029.7771s
	iters: 1700, epoch: 2 | loss: 0.6156066
	speed: 0.0763s/iter; left time: 17025.4605s
	iters: 1800, epoch: 2 | loss: 0.6405219
	speed: 0.0763s/iter; left time: 17025.0856s
	iters: 1900, epoch: 2 | loss: 0.5008442
	speed: 0.0763s/iter; left time: 17018.6263s
	iters: 2000, epoch: 2 | loss: 0.5993466
	speed: 0.0765s/iter; left time: 17046.6101s
	iters: 2100, epoch: 2 | loss: 0.7146593
	speed: 0.0762s/iter; left time: 16977.6575s
	iters: 2200, epoch: 2 | loss: 0.5625108
	speed: 0.0764s/iter; left time: 17018.2126s
Epoch: 2 cost time: 173.63094234466553
Epoch: 2 | Train Loss: 0.5363896 Vali Loss: 1.3414859 Test Loss: 0.5230095 MAE Loss: 0.5029922
lr = 0.0009755285
	iters: 100, epoch: 3 | loss: 0.4172043
	speed: 0.6512s/iter; left time: 144919.6679s
	iters: 200, epoch: 3 | loss: 0.5117067
	speed: 0.0771s/iter; left time: 17157.6296s
	iters: 300, epoch: 3 | loss: 0.6625275
	speed: 0.0773s/iter; left time: 17196.7309s
	iters: 400, epoch: 3 | loss: 0.5609006
	speed: 0.0775s/iter; left time: 17225.0563s
	iters: 500, epoch: 3 | loss: 0.4298644
	speed: 0.0774s/iter; left time: 17190.3040s
	iters: 600, epoch: 3 | loss: 0.4553448
	speed: 0.0775s/iter; left time: 17199.8889s
	iters: 700, epoch: 3 | loss: 0.5686089
	speed: 0.0776s/iter; left time: 17217.7722s
	iters: 800, epoch: 3 | loss: 0.6130623
	speed: 0.0773s/iter; left time: 17142.0562s
	iters: 900, epoch: 3 | loss: 0.3380976
	speed: 0.0774s/iter; left time: 17171.0036s
	iters: 1000, epoch: 3 | loss: 0.4889552
	speed: 0.0776s/iter; left time: 17190.2336s
	iters: 1100, epoch: 3 | loss: 0.5259472
	speed: 0.0773s/iter; left time: 17117.0761s
	iters: 1200, epoch: 3 | loss: 0.4688362
	speed: 0.0776s/iter; left time: 17181.0414s
	iters: 1300, epoch: 3 | loss: 0.4898946
	speed: 0.0766s/iter; left time: 16954.3552s
	iters: 1400, epoch: 3 | loss: 0.4535784
	speed: 0.0765s/iter; left time: 16916.0841s
	iters: 1500, epoch: 3 | loss: 0.4916352
	speed: 0.0763s/iter; left time: 16864.2943s
	iters: 1600, epoch: 3 | loss: 0.5167340
	speed: 0.0763s/iter; left time: 16868.9003s
	iters: 1700, epoch: 3 | loss: 0.4491700
	speed: 0.0764s/iter; left time: 16870.9003s
	iters: 1800, epoch: 3 | loss: 0.5847372
	speed: 0.0765s/iter; left time: 16890.4978s
	iters: 1900, epoch: 3 | loss: 0.3729208
	speed: 0.0762s/iter; left time: 16831.8702s
	iters: 2000, epoch: 3 | loss: 0.7481431
	speed: 0.0764s/iter; left time: 16863.8378s
	iters: 2100, epoch: 3 | loss: 0.5085371
	speed: 0.0763s/iter; left time: 16824.0375s
	iters: 2200, epoch: 3 | loss: 0.7335204
	speed: 0.0764s/iter; left time: 16839.9443s
Epoch: 3 cost time: 174.9016935825348
Epoch: 3 | Train Loss: 0.5297746 Vali Loss: 1.3434489 Test Loss: 0.5390979 MAE Loss: 0.5162355
EarlyStopping counter: 1 out of 3
lr = 0.0009455038
	iters: 100, epoch: 4 | loss: 0.3602461
	speed: 0.6472s/iter; left time: 142565.2714s
	iters: 200, epoch: 4 | loss: 0.5997373
	speed: 0.0764s/iter; left time: 16824.6551s
	iters: 300, epoch: 4 | loss: 0.4309422
	speed: 0.0764s/iter; left time: 16804.4489s
	iters: 400, epoch: 4 | loss: 0.7810429
	speed: 0.0765s/iter; left time: 16820.7945s
	iters: 500, epoch: 4 | loss: 0.4972821
	speed: 0.0764s/iter; left time: 16800.2764s
	iters: 600, epoch: 4 | loss: 0.5782464
	speed: 0.0761s/iter; left time: 16732.1816s
	iters: 700, epoch: 4 | loss: 0.3326053
	speed: 0.0762s/iter; left time: 16738.1457s
	iters: 800, epoch: 4 | loss: 0.4795745
	speed: 0.0763s/iter; left time: 16760.4328s
	iters: 900, epoch: 4 | loss: 0.4173801
	speed: 0.0764s/iter; left time: 16759.7023s
	iters: 1000, epoch: 4 | loss: 0.7003665
	speed: 0.0766s/iter; left time: 16804.2217s
	iters: 1100, epoch: 4 | loss: 0.3476394
	speed: 0.0763s/iter; left time: 16734.7735s
	iters: 1200, epoch: 4 | loss: 0.4938655
	speed: 0.0764s/iter; left time: 16748.4302s
	iters: 1300, epoch: 4 | loss: 0.6971168
	speed: 0.0764s/iter; left time: 16741.9141s
	iters: 1400, epoch: 4 | loss: 0.5009567
	speed: 0.0764s/iter; left time: 16728.2562s
	iters: 1500, epoch: 4 | loss: 0.4111841
	speed: 0.0765s/iter; left time: 16738.1612s
	iters: 1600, epoch: 4 | loss: 0.4907875
	speed: 0.0763s/iter; left time: 16693.2045s
	iters: 1700, epoch: 4 | loss: 0.4018491
	speed: 0.0763s/iter; left time: 16693.5887s
	iters: 1800, epoch: 4 | loss: 0.3773751
	speed: 0.0765s/iter; left time: 16718.3501s
	iters: 1900, epoch: 4 | loss: 0.7478436
	speed: 0.0763s/iter; left time: 16673.0249s
	iters: 2000, epoch: 4 | loss: 0.5332454
	speed: 0.0763s/iter; left time: 16659.3659s
	iters: 2100, epoch: 4 | loss: 0.5495602
	speed: 0.0762s/iter; left time: 16644.1292s
	iters: 2200, epoch: 4 | loss: 0.4180473
	speed: 0.0765s/iter; left time: 16682.0873s
Epoch: 4 cost time: 173.64584684371948
Epoch: 4 | Train Loss: 0.5273298 Vali Loss: 1.3173093 Test Loss: 0.4782708 MAE Loss: 0.4775111
lr = 0.0009045095
	iters: 100, epoch: 5 | loss: 0.5533167
	speed: 0.6474s/iter; left time: 141152.1231s
	iters: 200, epoch: 5 | loss: 0.5149447
	speed: 0.0763s/iter; left time: 16630.2478s
	iters: 300, epoch: 5 | loss: 0.3928699
	speed: 0.0763s/iter; left time: 16625.3482s
	iters: 400, epoch: 5 | loss: 0.6250765
	speed: 0.0764s/iter; left time: 16627.2346s
	iters: 500, epoch: 5 | loss: 0.5138260
	speed: 0.0762s/iter; left time: 16582.0014s
	iters: 600, epoch: 5 | loss: 0.6761567
	speed: 0.0763s/iter; left time: 16596.1151s
	iters: 700, epoch: 5 | loss: 0.4570691
	speed: 0.0762s/iter; left time: 16558.6327s
	iters: 800, epoch: 5 | loss: 0.5064077
	speed: 0.0762s/iter; left time: 16564.0004s
	iters: 900, epoch: 5 | loss: 0.6555476
	speed: 0.0764s/iter; left time: 16586.6440s
	iters: 1000, epoch: 5 | loss: 0.3985380
	speed: 0.0763s/iter; left time: 16570.6464s
	iters: 1100, epoch: 5 | loss: 0.3837957
	speed: 0.0763s/iter; left time: 16553.9467s
	iters: 1200, epoch: 5 | loss: 0.7327319
	speed: 0.0765s/iter; left time: 16593.4848s
	iters: 1300, epoch: 5 | loss: 0.5314255
	speed: 0.0764s/iter; left time: 16556.4980s
	iters: 1400, epoch: 5 | loss: 0.4056956
	speed: 0.0762s/iter; left time: 16521.9544s
	iters: 1500, epoch: 5 | loss: 0.5235605
	speed: 0.0762s/iter; left time: 16500.9478s
	iters: 1600, epoch: 5 | loss: 0.4844642
	speed: 0.0763s/iter; left time: 16524.0832s
	iters: 1700, epoch: 5 | loss: 0.4486428
	speed: 0.0766s/iter; left time: 16577.7267s
	iters: 1800, epoch: 5 | loss: 0.3613308
	speed: 0.0767s/iter; left time: 16581.7287s
	iters: 1900, epoch: 5 | loss: 0.4486773
	speed: 0.0768s/iter; left time: 16614.3116s
	iters: 2000, epoch: 5 | loss: 0.4404033
	speed: 0.0774s/iter; left time: 16719.3314s
	iters: 2100, epoch: 5 | loss: 0.5718685
	speed: 0.0771s/iter; left time: 16651.7636s
	iters: 2200, epoch: 5 | loss: 0.6447648
	speed: 0.0772s/iter; left time: 16676.9296s
Epoch: 5 cost time: 173.96653199195862
Epoch: 5 | Train Loss: 0.5278011 Vali Loss: 1.3480970 Test Loss: 0.5330675 MAE Loss: 0.5079710
EarlyStopping counter: 1 out of 3
lr = 0.0008535549
	iters: 100, epoch: 6 | loss: 0.5855483
	speed: 0.6608s/iter; left time: 142566.0155s
	iters: 200, epoch: 6 | loss: 0.4219207
	speed: 0.0771s/iter; left time: 16627.2338s
	iters: 300, epoch: 6 | loss: 0.4081562
	speed: 0.0762s/iter; left time: 16419.8657s
	iters: 400, epoch: 6 | loss: 0.4546252
	speed: 0.0766s/iter; left time: 16496.0042s
	iters: 500, epoch: 6 | loss: 0.3478917
	speed: 0.0763s/iter; left time: 16437.6812s
	iters: 600, epoch: 6 | loss: 0.5663181
	speed: 0.0764s/iter; left time: 16440.3811s
	iters: 700, epoch: 6 | loss: 0.8248763
	speed: 0.0765s/iter; left time: 16456.3529s
	iters: 800, epoch: 6 | loss: 0.7921180
	speed: 0.0763s/iter; left time: 16398.3077s
	iters: 900, epoch: 6 | loss: 0.5237190
	speed: 0.0766s/iter; left time: 16455.8669s
	iters: 1000, epoch: 6 | loss: 0.6045921
	speed: 0.0762s/iter; left time: 16373.3785s
	iters: 1100, epoch: 6 | loss: 0.3780512
	speed: 0.0763s/iter; left time: 16380.2321s
	iters: 1200, epoch: 6 | loss: 0.4849307
	speed: 0.0765s/iter; left time: 16414.3891s
	iters: 1300, epoch: 6 | loss: 0.6363837
	speed: 0.0765s/iter; left time: 16405.8691s
	iters: 1400, epoch: 6 | loss: 0.4301564
	speed: 0.0764s/iter; left time: 16386.4257s
	iters: 1500, epoch: 6 | loss: 0.4937729
	speed: 0.0763s/iter; left time: 16355.6356s
	iters: 1600, epoch: 6 | loss: 0.4606596
	speed: 0.0763s/iter; left time: 16351.1606s
	iters: 1700, epoch: 6 | loss: 0.4695396
	speed: 0.0765s/iter; left time: 16379.5648s
	iters: 1800, epoch: 6 | loss: 0.4011785
	speed: 0.0764s/iter; left time: 16357.0499s
	iters: 1900, epoch: 6 | loss: 0.5102172
	speed: 0.0764s/iter; left time: 16340.5320s
	iters: 2000, epoch: 6 | loss: 0.7720558
	speed: 0.0764s/iter; left time: 16337.9956s
	iters: 2100, epoch: 6 | loss: 0.4391494
	speed: 0.0764s/iter; left time: 16340.3700s
	iters: 2200, epoch: 6 | loss: 0.5975653
	speed: 0.0764s/iter; left time: 16331.0655s
Epoch: 6 cost time: 173.88769626617432
Epoch: 6 | Train Loss: 0.5311467 Vali Loss: 1.2968434 Test Loss: 0.4948244 MAE Loss: 0.4905848
lr = 0.0007938947
	iters: 100, epoch: 7 | loss: 0.5331362
	speed: 0.6477s/iter; left time: 138265.3258s
	iters: 200, epoch: 7 | loss: 0.4504588
	speed: 0.0764s/iter; left time: 16299.2384s
	iters: 300, epoch: 7 | loss: 0.6010102
	speed: 0.0763s/iter; left time: 16275.5343s
	iters: 400, epoch: 7 | loss: 0.4316115
	speed: 0.0764s/iter; left time: 16295.4827s
	iters: 500, epoch: 7 | loss: 0.5825540
	speed: 0.0765s/iter; left time: 16298.9085s
	iters: 600, epoch: 7 | loss: 0.4913498
	speed: 0.0763s/iter; left time: 16246.3681s
	iters: 700, epoch: 7 | loss: 0.3337712
	speed: 0.0764s/iter; left time: 16264.2911s
	iters: 800, epoch: 7 | loss: 0.3878251
	speed: 0.0764s/iter; left time: 16249.9043s
	iters: 900, epoch: 7 | loss: 0.4925961
	speed: 0.0763s/iter; left time: 16216.5300s
	iters: 1000, epoch: 7 | loss: 0.4865744
	speed: 0.0764s/iter; left time: 16245.8046s
	iters: 1100, epoch: 7 | loss: 0.4586166
	speed: 0.0764s/iter; left time: 16228.9825s
	iters: 1200, epoch: 7 | loss: 0.3564249
	speed: 0.0763s/iter; left time: 16202.4825s
	iters: 1300, epoch: 7 | loss: 0.6276779
	speed: 0.0762s/iter; left time: 16184.2890s
	iters: 1400, epoch: 7 | loss: 0.4651211
	speed: 0.0763s/iter; left time: 16189.6802s
	iters: 1500, epoch: 7 | loss: 0.4741403
	speed: 0.0765s/iter; left time: 16228.8546s
	iters: 1600, epoch: 7 | loss: 0.4982305
	speed: 0.0764s/iter; left time: 16189.9512s
	iters: 1700, epoch: 7 | loss: 0.3681634
	speed: 0.0764s/iter; left time: 16186.5529s
	iters: 1800, epoch: 7 | loss: 0.5635219
	speed: 0.0765s/iter; left time: 16191.2446s
	iters: 1900, epoch: 7 | loss: 0.4465506
	speed: 0.0764s/iter; left time: 16175.1010s
	iters: 2000, epoch: 7 | loss: 0.5040282
	speed: 0.0763s/iter; left time: 16134.8389s
	iters: 2100, epoch: 7 | loss: 0.5347829
	speed: 0.0764s/iter; left time: 16153.4568s
	iters: 2200, epoch: 7 | loss: 0.4093066
	speed: 0.0763s/iter; left time: 16129.8451s
Epoch: 7 cost time: 173.66619157791138
Epoch: 7 | Train Loss: 0.5260286 Vali Loss: 1.3041374 Test Loss: 0.4863030 MAE Loss: 0.4859829
EarlyStopping counter: 1 out of 3
lr = 0.0007269980
	iters: 100, epoch: 8 | loss: 0.5535288
	speed: 0.6473s/iter; left time: 136699.3568s
	iters: 200, epoch: 8 | loss: 0.5020246
	speed: 0.0764s/iter; left time: 16125.3298s
	iters: 300, epoch: 8 | loss: 0.3713333
	speed: 0.0762s/iter; left time: 16074.6017s
	iters: 400, epoch: 8 | loss: 0.5071996
	speed: 0.0765s/iter; left time: 16123.8635s
	iters: 500, epoch: 8 | loss: 0.4241566
	speed: 0.0764s/iter; left time: 16111.2587s
	iters: 600, epoch: 8 | loss: 0.3886722
	speed: 0.0764s/iter; left time: 16100.9226s
	iters: 700, epoch: 8 | loss: 0.4215114
	speed: 0.0766s/iter; left time: 16141.4425s
	iters: 800, epoch: 8 | loss: 0.5833921
	speed: 0.0769s/iter; left time: 16185.4137s
	iters: 900, epoch: 8 | loss: 0.5878634
	speed: 0.0770s/iter; left time: 16210.6513s
	iters: 1000, epoch: 8 | loss: 0.4840180
	speed: 0.0772s/iter; left time: 16230.1437s
	iters: 1100, epoch: 8 | loss: 0.6092625
	speed: 0.0776s/iter; left time: 16305.0499s
	iters: 1200, epoch: 8 | loss: 0.5627586
	speed: 0.0773s/iter; left time: 16241.4889s
	iters: 1300, epoch: 8 | loss: 0.4478132
	speed: 0.0773s/iter; left time: 16241.0022s
	iters: 1400, epoch: 8 | loss: 0.6524426
	speed: 0.0773s/iter; left time: 16226.8832s
	iters: 1500, epoch: 8 | loss: 0.5634093
	speed: 0.0775s/iter; left time: 16262.6903s
	iters: 1600, epoch: 8 | loss: 0.4523084
	speed: 0.0776s/iter; left time: 16268.5310s
	iters: 1700, epoch: 8 | loss: 0.5396018
	speed: 0.0773s/iter; left time: 16206.4306s
	iters: 1800, epoch: 8 | loss: 0.5069908
	speed: 0.0772s/iter; left time: 16181.6271s
	iters: 1900, epoch: 8 | loss: 0.6735858
	speed: 0.0772s/iter; left time: 16165.1269s
	iters: 2000, epoch: 8 | loss: 0.5438703
	speed: 0.0774s/iter; left time: 16208.9252s
	iters: 2100, epoch: 8 | loss: 0.4716368
	speed: 0.0766s/iter; left time: 16030.1778s
	iters: 2200, epoch: 8 | loss: 0.4761309
	speed: 0.0766s/iter; left time: 16014.2525s
Epoch: 8 cost time: 174.96692156791687
Epoch: 8 | Train Loss: 0.5263104 Vali Loss: 1.3035494 Test Loss: 0.5079019 MAE Loss: 0.4968614
EarlyStopping counter: 2 out of 3
lr = 0.0006545120
	iters: 100, epoch: 9 | loss: 0.5325187
	speed: 0.6486s/iter; left time: 135503.5475s
	iters: 200, epoch: 9 | loss: 0.3785315
	speed: 0.0765s/iter; left time: 15978.9747s
	iters: 300, epoch: 9 | loss: 0.4992723
	speed: 0.0763s/iter; left time: 15923.8078s
	iters: 400, epoch: 9 | loss: 0.6787657
	speed: 0.0764s/iter; left time: 15937.3541s
	iters: 500, epoch: 9 | loss: 0.4636995
	speed: 0.0765s/iter; left time: 15956.9046s
	iters: 600, epoch: 9 | loss: 0.3486208
	speed: 0.0765s/iter; left time: 15939.9326s
	iters: 700, epoch: 9 | loss: 0.6506514
	speed: 0.0762s/iter; left time: 15882.8059s
	iters: 800, epoch: 9 | loss: 0.4963711
	speed: 0.0765s/iter; left time: 15924.6489s
	iters: 900, epoch: 9 | loss: 0.4605830
	speed: 0.0764s/iter; left time: 15910.1434s
	iters: 1000, epoch: 9 | loss: 0.5122002
	speed: 0.0763s/iter; left time: 15875.3872s
	iters: 1100, epoch: 9 | loss: 0.4871404
	speed: 0.0765s/iter; left time: 15902.0440s
	iters: 1200, epoch: 9 | loss: 0.4279169
	speed: 0.0765s/iter; left time: 15903.4234s
	iters: 1300, epoch: 9 | loss: 0.5318472
	speed: 0.0763s/iter; left time: 15841.1836s
	iters: 1400, epoch: 9 | loss: 0.5718787
	speed: 0.0764s/iter; left time: 15855.2680s
	iters: 1500, epoch: 9 | loss: 0.5223257
	speed: 0.0765s/iter; left time: 15884.0185s
	iters: 1600, epoch: 9 | loss: 0.5039219
	speed: 0.0764s/iter; left time: 15842.3268s
	iters: 1700, epoch: 9 | loss: 0.6424540
	speed: 0.0764s/iter; left time: 15848.4224s
	iters: 1800, epoch: 9 | loss: 0.7266926
	speed: 0.0763s/iter; left time: 15803.9423s
	iters: 1900, epoch: 9 | loss: 0.4401826
	speed: 0.0767s/iter; left time: 15879.9889s
	iters: 2000, epoch: 9 | loss: 0.4131912
	speed: 0.0765s/iter; left time: 15828.5306s
	iters: 2100, epoch: 9 | loss: 0.3757676
	speed: 0.0763s/iter; left time: 15792.7458s
	iters: 2200, epoch: 9 | loss: 0.5016969
	speed: 0.0764s/iter; left time: 15809.2613s
Epoch: 9 cost time: 173.7590115070343
Epoch: 9 | Train Loss: 0.5210412 Vali Loss: 1.2957187 Test Loss: 0.4744275 MAE Loss: 0.4737359
lr = 0.0005782215
	iters: 100, epoch: 10 | loss: 0.6416678
	speed: 0.6476s/iter; left time: 133824.7215s
	iters: 200, epoch: 10 | loss: 0.5432169
	speed: 0.0764s/iter; left time: 15775.6022s
	iters: 300, epoch: 10 | loss: 0.6348990
	speed: 0.0764s/iter; left time: 15769.1415s
	iters: 400, epoch: 10 | loss: 0.6849510
	speed: 0.0763s/iter; left time: 15737.6215s
	iters: 500, epoch: 10 | loss: 0.5248746
	speed: 0.0763s/iter; left time: 15730.5664s
	iters: 600, epoch: 10 | loss: 0.6414694
	speed: 0.0764s/iter; left time: 15752.0604s
	iters: 700, epoch: 10 | loss: 0.4861685
	speed: 0.0763s/iter; left time: 15727.7202s
	iters: 800, epoch: 10 | loss: 0.6169985
	speed: 0.0766s/iter; left time: 15767.8788s
	iters: 900, epoch: 10 | loss: 0.4736795
	speed: 0.0764s/iter; left time: 15723.5076s
	iters: 1000, epoch: 10 | loss: 0.4722990
	speed: 0.0763s/iter; left time: 15706.7078s
	iters: 1100, epoch: 10 | loss: 0.6911222
	speed: 0.0763s/iter; left time: 15693.2133s
	iters: 1200, epoch: 10 | loss: 0.5050519
	speed: 0.0761s/iter; left time: 15643.0212s
	iters: 1300, epoch: 10 | loss: 0.4037114
	speed: 0.0764s/iter; left time: 15693.6229s
	iters: 1400, epoch: 10 | loss: 0.4478405
	speed: 0.0764s/iter; left time: 15681.5691s
	iters: 1500, epoch: 10 | loss: 0.7483600
	speed: 0.0773s/iter; left time: 15855.9624s
	iters: 1600, epoch: 10 | loss: 0.6254426
	speed: 0.0764s/iter; left time: 15681.6421s
	iters: 1700, epoch: 10 | loss: 0.5775247
	speed: 0.0765s/iter; left time: 15694.3480s
	iters: 1800, epoch: 10 | loss: 0.3544886
	speed: 0.0763s/iter; left time: 15646.7024s
	iters: 1900, epoch: 10 | loss: 0.5411333
	speed: 0.0766s/iter; left time: 15695.0216s
	iters: 2000, epoch: 10 | loss: 0.5648108
	speed: 0.0766s/iter; left time: 15677.7777s
	iters: 2100, epoch: 10 | loss: 0.3976532
	speed: 0.0765s/iter; left time: 15646.3664s
	iters: 2200, epoch: 10 | loss: 0.4775145
	speed: 0.0765s/iter; left time: 15647.1567s
Epoch: 10 cost time: 173.80417490005493
Epoch: 10 | Train Loss: 0.5086524 Vali Loss: 1.3446805 Test Loss: 0.4583287 MAE Loss: 0.4636369
EarlyStopping counter: 1 out of 3
lr = 0.0005000050
	iters: 100, epoch: 11 | loss: 0.4734958
	speed: 0.6544s/iter; left time: 133741.1293s
	iters: 200, epoch: 11 | loss: 0.5616593
	speed: 0.0775s/iter; left time: 15824.8298s
	iters: 300, epoch: 11 | loss: 0.5633738
	speed: 0.0773s/iter; left time: 15793.0360s
	iters: 400, epoch: 11 | loss: 0.5177316
	speed: 0.0774s/iter; left time: 15796.6625s
	iters: 500, epoch: 11 | loss: 0.7358776
	speed: 0.0774s/iter; left time: 15779.9255s
	iters: 600, epoch: 11 | loss: 0.3624925
	speed: 0.0774s/iter; left time: 15781.8807s
	iters: 700, epoch: 11 | loss: 0.3896531
	speed: 0.0776s/iter; left time: 15805.7014s
	iters: 800, epoch: 11 | loss: 0.4473057
	speed: 0.0775s/iter; left time: 15776.5840s
	iters: 900, epoch: 11 | loss: 0.5737652
	speed: 0.0776s/iter; left time: 15799.4868s
	iters: 1000, epoch: 11 | loss: 0.5237709
	speed: 0.0775s/iter; left time: 15775.9247s
	iters: 1100, epoch: 11 | loss: 0.3576366
	speed: 0.0768s/iter; left time: 15615.4157s
	iters: 1200, epoch: 11 | loss: 0.4072219
	speed: 0.0763s/iter; left time: 15518.2376s
	iters: 1300, epoch: 11 | loss: 0.4148038
	speed: 0.0764s/iter; left time: 15528.3689s
	iters: 1400, epoch: 11 | loss: 0.5371705
	speed: 0.0766s/iter; left time: 15552.9413s
	iters: 1500, epoch: 11 | loss: 0.4254732
	speed: 0.0764s/iter; left time: 15508.8230s
	iters: 1600, epoch: 11 | loss: 0.4826569
	speed: 0.0763s/iter; left time: 15475.8454s
	iters: 1700, epoch: 11 | loss: 0.6874002
	speed: 0.0763s/iter; left time: 15475.2688s
	iters: 1800, epoch: 11 | loss: 0.5522225
	speed: 0.0765s/iter; left time: 15504.4641s
	iters: 1900, epoch: 11 | loss: 0.7581497
	speed: 0.0764s/iter; left time: 15482.0113s
	iters: 2000, epoch: 11 | loss: 0.5472240
	speed: 0.0763s/iter; left time: 15440.5999s
	iters: 2100, epoch: 11 | loss: 0.7357261
	speed: 0.0765s/iter; left time: 15488.0382s
	iters: 2200, epoch: 11 | loss: 0.5777354
	speed: 0.0765s/iter; left time: 15480.4629s
Epoch: 11 cost time: 174.8618302345276
Epoch: 11 | Train Loss: 0.5011194 Vali Loss: 1.2954069 Test Loss: 0.4843235 MAE Loss: 0.4823089
lr = 0.0004217885
	iters: 100, epoch: 12 | loss: 0.5265750
	speed: 0.6479s/iter; left time: 130946.6061s
	iters: 200, epoch: 12 | loss: 0.4458128
	speed: 0.0764s/iter; left time: 15431.6904s
	iters: 300, epoch: 12 | loss: 0.7783139
	speed: 0.0763s/iter; left time: 15404.1738s
	iters: 400, epoch: 12 | loss: 0.4201976
	speed: 0.0764s/iter; left time: 15418.5157s
	iters: 500, epoch: 12 | loss: 0.4006045
	speed: 0.0764s/iter; left time: 15413.3552s
	iters: 600, epoch: 12 | loss: 0.4101850
	speed: 0.0763s/iter; left time: 15386.4470s
	iters: 700, epoch: 12 | loss: 0.5165406
	speed: 0.0763s/iter; left time: 15371.3598s
	iters: 800, epoch: 12 | loss: 0.3996113
	speed: 0.0763s/iter; left time: 15364.8759s
	iters: 900, epoch: 12 | loss: 0.3367343
	speed: 0.0764s/iter; left time: 15385.3776s
	iters: 1000, epoch: 12 | loss: 0.4887820
	speed: 0.0765s/iter; left time: 15386.5536s
	iters: 1100, epoch: 12 | loss: 0.4630648
	speed: 0.0762s/iter; left time: 15332.3763s
	iters: 1200, epoch: 12 | loss: 0.5016980
	speed: 0.0764s/iter; left time: 15358.8294s
	iters: 1300, epoch: 12 | loss: 0.5274552
	speed: 0.0764s/iter; left time: 15341.8245s
	iters: 1400, epoch: 12 | loss: 0.4302745
	speed: 0.0765s/iter; left time: 15351.9409s
	iters: 1500, epoch: 12 | loss: 0.4041977
	speed: 0.0766s/iter; left time: 15377.9277s
	iters: 1600, epoch: 12 | loss: 0.4064994
	speed: 0.0764s/iter; left time: 15327.8589s
	iters: 1700, epoch: 12 | loss: 0.6401408
	speed: 0.0764s/iter; left time: 15310.1777s
	iters: 1800, epoch: 12 | loss: 0.3453170
	speed: 0.0765s/iter; left time: 15331.1855s
	iters: 1900, epoch: 12 | loss: 0.3858501
	speed: 0.0763s/iter; left time: 15287.5537s
	iters: 2000, epoch: 12 | loss: 0.4002218
	speed: 0.0764s/iter; left time: 15287.3142s
	iters: 2100, epoch: 12 | loss: 0.7027040
	speed: 0.0763s/iter; left time: 15262.7211s
	iters: 2200, epoch: 12 | loss: 0.4620732
	speed: 0.0766s/iter; left time: 15318.6982s
Epoch: 12 cost time: 173.70054244995117
Epoch: 12 | Train Loss: 0.4953400 Vali Loss: 1.2930586 Test Loss: 0.4552337 MAE Loss: 0.4624577
lr = 0.0003454980
	iters: 100, epoch: 13 | loss: 0.4384091
	speed: 0.6467s/iter; left time: 129233.6090s
	iters: 200, epoch: 13 | loss: 0.6885932
	speed: 0.0763s/iter; left time: 15248.0884s
	iters: 300, epoch: 13 | loss: 0.3780560
	speed: 0.0764s/iter; left time: 15254.8630s
	iters: 400, epoch: 13 | loss: 0.4823187
	speed: 0.0763s/iter; left time: 15234.0976s
	iters: 500, epoch: 13 | loss: 0.4701580
	speed: 0.0763s/iter; left time: 15210.6403s
	iters: 600, epoch: 13 | loss: 0.4187479
	speed: 0.0764s/iter; left time: 15232.2095s
	iters: 700, epoch: 13 | loss: 0.3760931
	speed: 0.0763s/iter; left time: 15201.2898s
	iters: 800, epoch: 13 | loss: 0.3860431
	speed: 0.0763s/iter; left time: 15190.8294s
	iters: 900, epoch: 13 | loss: 0.4193446
	speed: 0.0763s/iter; left time: 15191.0666s
	iters: 1000, epoch: 13 | loss: 0.4068979
	speed: 0.0763s/iter; left time: 15188.5055s
	iters: 1100, epoch: 13 | loss: 0.5721731
	speed: 0.0765s/iter; left time: 15205.7596s
	iters: 1200, epoch: 13 | loss: 0.2993474
	speed: 0.0764s/iter; left time: 15174.2499s
	iters: 1300, epoch: 13 | loss: 0.4652146
	speed: 0.0762s/iter; left time: 15141.7976s
	iters: 1400, epoch: 13 | loss: 0.3168710
	speed: 0.0764s/iter; left time: 15159.3815s
	iters: 1500, epoch: 13 | loss: 0.5253435
	speed: 0.0764s/iter; left time: 15167.4050s
	iters: 1600, epoch: 13 | loss: 0.5768923
	speed: 0.0766s/iter; left time: 15191.7589s
	iters: 1700, epoch: 13 | loss: 0.6879341
	speed: 0.0768s/iter; left time: 15234.2383s
	iters: 1800, epoch: 13 | loss: 0.6005060
	speed: 0.0771s/iter; left time: 15279.8358s
	iters: 1900, epoch: 13 | loss: 0.5222731
	speed: 0.0773s/iter; left time: 15300.4356s
	iters: 2000, epoch: 13 | loss: 0.4489790
	speed: 0.0772s/iter; left time: 15276.0956s
	iters: 2100, epoch: 13 | loss: 0.5651693
	speed: 0.0773s/iter; left time: 15283.3939s
	iters: 2200, epoch: 13 | loss: 0.4453581
	speed: 0.0773s/iter; left time: 15279.9376s
Epoch: 13 cost time: 174.21121263504028
Epoch: 13 | Train Loss: 0.4885922 Vali Loss: 1.3144204 Test Loss: 0.4629280 MAE Loss: 0.4673259
EarlyStopping counter: 1 out of 3
lr = 0.0002730120
	iters: 100, epoch: 14 | loss: 0.3436649
	speed: 0.6612s/iter; left time: 130621.0239s
	iters: 200, epoch: 14 | loss: 0.2691363
	speed: 0.0766s/iter; left time: 15122.6456s
	iters: 300, epoch: 14 | loss: 0.3450557
	speed: 0.0764s/iter; left time: 15077.1649s
	iters: 400, epoch: 14 | loss: 0.5111585
	speed: 0.0762s/iter; left time: 15026.6206s
	iters: 500, epoch: 14 | loss: 0.4749019
	speed: 0.0765s/iter; left time: 15083.4955s
	iters: 600, epoch: 14 | loss: 0.4665498
	speed: 0.0764s/iter; left time: 15053.7971s
	iters: 700, epoch: 14 | loss: 0.3431181
	speed: 0.0763s/iter; left time: 15028.7918s
	iters: 800, epoch: 14 | loss: 0.4663475
	speed: 0.0763s/iter; left time: 15018.6270s
	iters: 900, epoch: 14 | loss: 0.6026782
	speed: 0.0764s/iter; left time: 15034.4825s
	iters: 1000, epoch: 14 | loss: 0.3380603
	speed: 0.0763s/iter; left time: 15013.6214s
	iters: 1100, epoch: 14 | loss: 0.6521327
	speed: 0.0762s/iter; left time: 14983.9853s
	iters: 1200, epoch: 14 | loss: 0.3968118
	speed: 0.0763s/iter; left time: 14998.6900s
	iters: 1300, epoch: 14 | loss: 0.7239006
	speed: 0.0763s/iter; left time: 14981.8866s
	iters: 1400, epoch: 14 | loss: 0.5681395
	speed: 0.0763s/iter; left time: 14966.8066s
	iters: 1500, epoch: 14 | loss: 0.5779822
	speed: 0.0766s/iter; left time: 15032.0629s
	iters: 1600, epoch: 14 | loss: 0.6150537
	speed: 0.0766s/iter; left time: 15027.5403s
	iters: 1700, epoch: 14 | loss: 0.5635046
	speed: 0.0764s/iter; left time: 14977.7930s
	iters: 1800, epoch: 14 | loss: 0.3942434
	speed: 0.0763s/iter; left time: 14940.8232s
	iters: 1900, epoch: 14 | loss: 0.5178836
	speed: 0.0764s/iter; left time: 14961.2037s
	iters: 2000, epoch: 14 | loss: 0.5516768
	speed: 0.0765s/iter; left time: 14974.9634s
	iters: 2100, epoch: 14 | loss: 0.6664059
	speed: 0.0764s/iter; left time: 14936.8794s
	iters: 2200, epoch: 14 | loss: 0.6082122
	speed: 0.0763s/iter; left time: 14922.0205s
Epoch: 14 cost time: 173.6916275024414
Epoch: 14 | Train Loss: 0.4843366 Vali Loss: 1.2960154 Test Loss: 0.4482955 MAE Loss: 0.4569277
EarlyStopping counter: 2 out of 3
lr = 0.0002061153
	iters: 100, epoch: 15 | loss: 0.3682534
	speed: 0.6462s/iter; left time: 126198.6679s
	iters: 200, epoch: 15 | loss: 0.4885677
	speed: 0.0763s/iter; left time: 14889.0536s
	iters: 300, epoch: 15 | loss: 0.4762477
	speed: 0.0763s/iter; left time: 14883.0220s
	iters: 400, epoch: 15 | loss: 0.7128179
	speed: 0.0764s/iter; left time: 14896.1107s
	iters: 500, epoch: 15 | loss: 0.3918152
	speed: 0.0764s/iter; left time: 14881.7524s
	iters: 600, epoch: 15 | loss: 0.6034724
	speed: 0.0764s/iter; left time: 14887.1793s
	iters: 700, epoch: 15 | loss: 0.3648418
	speed: 0.0765s/iter; left time: 14895.4198s
	iters: 800, epoch: 15 | loss: 0.4866021
	speed: 0.0765s/iter; left time: 14885.6632s
	iters: 900, epoch: 15 | loss: 0.4369622
	speed: 0.0766s/iter; left time: 14896.0518s
	iters: 1000, epoch: 15 | loss: 0.3616306
	speed: 0.0764s/iter; left time: 14858.6015s
	iters: 1100, epoch: 15 | loss: 0.4682941
	speed: 0.0763s/iter; left time: 14825.9898s
	iters: 1200, epoch: 15 | loss: 0.6012717
	speed: 0.0764s/iter; left time: 14834.3624s
	iters: 1300, epoch: 15 | loss: 0.5011882
	speed: 0.0762s/iter; left time: 14794.3783s
	iters: 1400, epoch: 15 | loss: 0.6872174
	speed: 0.0764s/iter; left time: 14825.2563s
	iters: 1500, epoch: 15 | loss: 0.6543275
	speed: 0.0763s/iter; left time: 14787.0262s
	iters: 1600, epoch: 15 | loss: 0.4324731
	speed: 0.0763s/iter; left time: 14792.6399s
	iters: 1700, epoch: 15 | loss: 0.4735123
	speed: 0.0764s/iter; left time: 14807.3546s
	iters: 1800, epoch: 15 | loss: 0.4687783
	speed: 0.0762s/iter; left time: 14759.2743s
	iters: 1900, epoch: 15 | loss: 0.3310938
	speed: 0.0763s/iter; left time: 14767.5112s
	iters: 2000, epoch: 15 | loss: 0.4798517
	speed: 0.0763s/iter; left time: 14747.0061s
	iters: 2100, epoch: 15 | loss: 0.4339590
	speed: 0.0764s/iter; left time: 14762.3327s
	iters: 2200, epoch: 15 | loss: 0.3225220
	speed: 0.0763s/iter; left time: 14731.6387s
Epoch: 15 cost time: 173.6353771686554
Epoch: 15 | Train Loss: 0.4807099 Vali Loss: 1.2907767 Test Loss: 0.4518907 MAE Loss: 0.4604064
lr = 0.0001464551
	iters: 100, epoch: 16 | loss: 0.4849399
	speed: 0.6480s/iter; left time: 125086.1188s
	iters: 200, epoch: 16 | loss: 0.4256276
	speed: 0.0765s/iter; left time: 14758.8596s
	iters: 300, epoch: 16 | loss: 0.4995604
	speed: 0.0762s/iter; left time: 14695.9482s
	iters: 400, epoch: 16 | loss: 0.4069180
	speed: 0.0764s/iter; left time: 14716.4166s
	iters: 500, epoch: 16 | loss: 0.8337133
	speed: 0.0763s/iter; left time: 14690.1187s
	iters: 600, epoch: 16 | loss: 0.4189242
	speed: 0.0766s/iter; left time: 14743.8383s
	iters: 700, epoch: 16 | loss: 0.3013311
	speed: 0.0771s/iter; left time: 14827.3559s
	iters: 800, epoch: 16 | loss: 0.4545756
	speed: 0.0771s/iter; left time: 14832.9260s
	iters: 900, epoch: 16 | loss: 0.3256134
	speed: 0.0768s/iter; left time: 14767.3492s
	iters: 1000, epoch: 16 | loss: 0.3360704
	speed: 0.0771s/iter; left time: 14815.3036s
	iters: 1100, epoch: 16 | loss: 0.5905410
	speed: 0.0772s/iter; left time: 14830.5263s
	iters: 1200, epoch: 16 | loss: 0.4276153
	speed: 0.0773s/iter; left time: 14828.9120s
	iters: 1300, epoch: 16 | loss: 0.5518639
	speed: 0.0775s/iter; left time: 14859.7060s
	iters: 1400, epoch: 16 | loss: 0.5016807
	speed: 0.0775s/iter; left time: 14849.9545s
	iters: 1500, epoch: 16 | loss: 0.6103278
	speed: 0.0776s/iter; left time: 14866.2393s
	iters: 1600, epoch: 16 | loss: 0.3609250
	speed: 0.0773s/iter; left time: 14800.8637s
	iters: 1700, epoch: 16 | loss: 0.4223332
	speed: 0.0776s/iter; left time: 14862.8409s
	iters: 1800, epoch: 16 | loss: 0.4703365
	speed: 0.0774s/iter; left time: 14812.8018s
	iters: 1900, epoch: 16 | loss: 0.5480118
	speed: 0.0775s/iter; left time: 14815.9465s
	iters: 2000, epoch: 16 | loss: 0.4993289
	speed: 0.0769s/iter; left time: 14696.4463s
	iters: 2100, epoch: 16 | loss: 0.3876977
	speed: 0.0764s/iter; left time: 14591.9292s
	iters: 2200, epoch: 16 | loss: 0.5161684
	speed: 0.0764s/iter; left time: 14590.9106s
Epoch: 16 cost time: 174.95485401153564
Epoch: 16 | Train Loss: 0.4778200 Vali Loss: 1.3232801 Test Loss: 0.4485801 MAE Loss: 0.4566121
EarlyStopping counter: 1 out of 3
lr = 0.0000955005
	iters: 100, epoch: 17 | loss: 0.3122308
	speed: 0.6479s/iter; left time: 123587.2021s
	iters: 200, epoch: 17 | loss: 0.5010458
	speed: 0.0764s/iter; left time: 14572.6651s
	iters: 300, epoch: 17 | loss: 0.4868990
	speed: 0.0763s/iter; left time: 14537.9390s
	iters: 400, epoch: 17 | loss: 0.5775658
	speed: 0.0764s/iter; left time: 14548.5974s
	iters: 500, epoch: 17 | loss: 0.4081981
	speed: 0.0764s/iter; left time: 14547.6977s
	iters: 600, epoch: 17 | loss: 0.5749174
	speed: 0.0764s/iter; left time: 14534.9467s
	iters: 700, epoch: 17 | loss: 0.4779198
	speed: 0.0764s/iter; left time: 14523.8177s
	iters: 800, epoch: 17 | loss: 0.6692009
	speed: 0.0764s/iter; left time: 14518.6604s
	iters: 900, epoch: 17 | loss: 0.3735187
	speed: 0.0765s/iter; left time: 14537.9221s
	iters: 1000, epoch: 17 | loss: 0.5412831
	speed: 0.0764s/iter; left time: 14501.3628s
	iters: 1100, epoch: 17 | loss: 0.3916478
	speed: 0.0764s/iter; left time: 14493.3209s
	iters: 1200, epoch: 17 | loss: 0.4550857
	speed: 0.0764s/iter; left time: 14490.9327s
	iters: 1300, epoch: 17 | loss: 0.6428728
	speed: 0.0765s/iter; left time: 14499.9107s
	iters: 1400, epoch: 17 | loss: 0.4233716
	speed: 0.0763s/iter; left time: 14457.5723s
	iters: 1500, epoch: 17 | loss: 0.4858324
	speed: 0.0764s/iter; left time: 14463.8274s
	iters: 1600, epoch: 17 | loss: 0.4982759
	speed: 0.0763s/iter; left time: 14434.8539s
	iters: 1700, epoch: 17 | loss: 0.3167610
	speed: 0.0764s/iter; left time: 14450.6429s
	iters: 1800, epoch: 17 | loss: 0.5144720
	speed: 0.0763s/iter; left time: 14425.3670s
	iters: 1900, epoch: 17 | loss: 0.4918792
	speed: 0.0765s/iter; left time: 14451.1961s
	iters: 2000, epoch: 17 | loss: 0.5901862
	speed: 0.0764s/iter; left time: 14424.1511s
	iters: 2100, epoch: 17 | loss: 0.4413624
	speed: 0.0764s/iter; left time: 14428.6667s
	iters: 2200, epoch: 17 | loss: 0.6846430
	speed: 0.0763s/iter; left time: 14393.6585s
Epoch: 17 cost time: 173.70985674858093
Epoch: 17 | Train Loss: 0.4743239 Vali Loss: 1.2893171 Test Loss: 0.4503443 MAE Loss: 0.4589770
lr = 0.0000545062
	iters: 100, epoch: 18 | loss: 0.4140441
	speed: 0.6481s/iter; left time: 122149.2663s
	iters: 200, epoch: 18 | loss: 0.5170965
	speed: 0.0764s/iter; left time: 14397.1549s
	iters: 300, epoch: 18 | loss: 0.4893457
	speed: 0.0763s/iter; left time: 14365.8163s
	iters: 400, epoch: 18 | loss: 0.7021018
	speed: 0.0765s/iter; left time: 14401.8280s
	iters: 500, epoch: 18 | loss: 0.3535844
	speed: 0.0764s/iter; left time: 14364.5729s
	iters: 600, epoch: 18 | loss: 0.4241714
	speed: 0.0764s/iter; left time: 14358.2314s
	iters: 700, epoch: 18 | loss: 0.3502396
	speed: 0.0762s/iter; left time: 14320.2729s
	iters: 800, epoch: 18 | loss: 0.6055888
	speed: 0.0764s/iter; left time: 14350.8705s
	iters: 900, epoch: 18 | loss: 0.3197030
	speed: 0.0764s/iter; left time: 14329.8647s
	iters: 1000, epoch: 18 | loss: 0.3891669
	speed: 0.0761s/iter; left time: 14277.1967s
	iters: 1100, epoch: 18 | loss: 0.4307007
	speed: 0.0763s/iter; left time: 14303.5133s
	iters: 1200, epoch: 18 | loss: 0.5707165
	speed: 0.0762s/iter; left time: 14287.0290s
	iters: 1300, epoch: 18 | loss: 0.3748186
	speed: 0.0764s/iter; left time: 14311.2912s
	iters: 1400, epoch: 18 | loss: 0.3107638
	speed: 0.0764s/iter; left time: 14303.1282s
	iters: 1500, epoch: 18 | loss: 0.5207343
	speed: 0.0764s/iter; left time: 14294.2093s
	iters: 1600, epoch: 18 | loss: 0.4025424
	speed: 0.0764s/iter; left time: 14285.9355s
	iters: 1700, epoch: 18 | loss: 0.6482899
	speed: 0.0763s/iter; left time: 14257.1407s
	iters: 1800, epoch: 18 | loss: 0.4548557
	speed: 0.0762s/iter; left time: 14235.9332s
	iters: 1900, epoch: 18 | loss: 0.4905606
	speed: 0.0764s/iter; left time: 14262.8583s
	iters: 2000, epoch: 18 | loss: 0.4175880
	speed: 0.0763s/iter; left time: 14236.0544s
	iters: 2100, epoch: 18 | loss: 0.5775566
	speed: 0.0763s/iter; left time: 14226.3382s
	iters: 2200, epoch: 18 | loss: 0.3606691
	speed: 0.0763s/iter; left time: 14227.3227s
Epoch: 18 cost time: 173.62560892105103
Epoch: 18 | Train Loss: 0.4725246 Vali Loss: 1.3105308 Test Loss: 0.4461003 MAE Loss: 0.4562965
EarlyStopping counter: 1 out of 3
lr = 0.0000244815
	iters: 100, epoch: 19 | loss: 0.5883467
	speed: 0.6555s/iter; left time: 122062.2901s
	iters: 200, epoch: 19 | loss: 0.4360102
	speed: 0.0774s/iter; left time: 14410.7904s
	iters: 300, epoch: 19 | loss: 0.3861144
	speed: 0.0776s/iter; left time: 14428.3462s
	iters: 400, epoch: 19 | loss: 0.5657855
	speed: 0.0775s/iter; left time: 14407.3618s
	iters: 500, epoch: 19 | loss: 0.6059567
	speed: 0.0778s/iter; left time: 14452.7123s
	iters: 600, epoch: 19 | loss: 0.5761409
	speed: 0.0775s/iter; left time: 14397.8876s
	iters: 700, epoch: 19 | loss: 0.5201395
	speed: 0.0773s/iter; left time: 14354.8473s
	iters: 800, epoch: 19 | loss: 0.6568062
	speed: 0.0774s/iter; left time: 14352.6421s
	iters: 900, epoch: 19 | loss: 0.4682918
	speed: 0.0772s/iter; left time: 14317.9141s
	iters: 1000, epoch: 19 | loss: 0.6072844
	speed: 0.0766s/iter; left time: 14202.7923s
	iters: 1100, epoch: 19 | loss: 0.3731834
	speed: 0.0762s/iter; left time: 14115.7241s
	iters: 1200, epoch: 19 | loss: 0.4687476
	speed: 0.0766s/iter; left time: 14170.8239s
	iters: 1300, epoch: 19 | loss: 0.5576770
	speed: 0.0764s/iter; left time: 14126.8864s
	iters: 1400, epoch: 19 | loss: 0.6991702
	speed: 0.0765s/iter; left time: 14142.0048s
	iters: 1500, epoch: 19 | loss: 0.4020438
	speed: 0.0763s/iter; left time: 14099.0699s
	iters: 1600, epoch: 19 | loss: 0.6749973
	speed: 0.0765s/iter; left time: 14125.3643s
	iters: 1700, epoch: 19 | loss: 0.5311680
	speed: 0.0764s/iter; left time: 14097.0886s
	iters: 1800, epoch: 19 | loss: 0.4445873
	speed: 0.0763s/iter; left time: 14086.5019s
	iters: 1900, epoch: 19 | loss: 0.4626976
	speed: 0.0763s/iter; left time: 14074.4451s
	iters: 2000, epoch: 19 | loss: 0.3631396
	speed: 0.0764s/iter; left time: 14086.2842s
	iters: 2100, epoch: 19 | loss: 0.4348730
	speed: 0.0762s/iter; left time: 14040.7019s
	iters: 2200, epoch: 19 | loss: 0.5223731
	speed: 0.0766s/iter; left time: 14107.9080s
Epoch: 19 cost time: 174.73079705238342
Epoch: 19 | Train Loss: 0.4703401 Vali Loss: 1.3058548 Test Loss: 0.4505125 MAE Loss: 0.4588361
EarlyStopping counter: 2 out of 3
lr = 0.0000061658
	iters: 100, epoch: 20 | loss: 0.3307461
	speed: 0.6484s/iter; left time: 119264.7847s
	iters: 200, epoch: 20 | loss: 0.5483269
	speed: 0.0766s/iter; left time: 14081.3481s
	iters: 300, epoch: 20 | loss: 0.4521561
	speed: 0.0764s/iter; left time: 14028.4850s
	iters: 400, epoch: 20 | loss: 0.3601025
	speed: 0.0763s/iter; left time: 14004.7614s
	iters: 500, epoch: 20 | loss: 0.3909453
	speed: 0.0764s/iter; left time: 14025.6517s
	iters: 600, epoch: 20 | loss: 0.4945076
	speed: 0.0763s/iter; left time: 13996.9562s
	iters: 700, epoch: 20 | loss: 0.5392581
	speed: 0.0763s/iter; left time: 13986.5571s
	iters: 800, epoch: 20 | loss: 0.3230462
	speed: 0.0763s/iter; left time: 13981.1814s
	iters: 900, epoch: 20 | loss: 0.3613084
	speed: 0.0763s/iter; left time: 13981.0034s
	iters: 1000, epoch: 20 | loss: 0.4951061
	speed: 0.0765s/iter; left time: 13994.4879s
	iters: 1100, epoch: 20 | loss: 0.4039200
	speed: 0.0764s/iter; left time: 13967.2717s
	iters: 1200, epoch: 20 | loss: 0.3880294
	speed: 0.0764s/iter; left time: 13968.9579s
	iters: 1300, epoch: 20 | loss: 0.4061377
	speed: 0.0764s/iter; left time: 13958.3599s
	iters: 1400, epoch: 20 | loss: 0.4187348
	speed: 0.0763s/iter; left time: 13939.1039s
	iters: 1500, epoch: 20 | loss: 0.4053271
	speed: 0.0762s/iter; left time: 13910.8126s
	iters: 1600, epoch: 20 | loss: 0.3959216
	speed: 0.0763s/iter; left time: 13910.9277s
	iters: 1700, epoch: 20 | loss: 0.2432639
	speed: 0.0763s/iter; left time: 13916.7713s
	iters: 1800, epoch: 20 | loss: 0.3704520
	speed: 0.0763s/iter; left time: 13910.2540s
	iters: 1900, epoch: 20 | loss: 0.3946796
	speed: 0.0764s/iter; left time: 13915.1472s
	iters: 2000, epoch: 20 | loss: 0.2807614
	speed: 0.0765s/iter; left time: 13917.9857s
	iters: 2100, epoch: 20 | loss: 0.3911714
	speed: 0.0764s/iter; left time: 13892.1548s
	iters: 2200, epoch: 20 | loss: 0.3862898
	speed: 0.0763s/iter; left time: 13868.9467s
Epoch: 20 cost time: 173.62957572937012
Epoch: 20 | Train Loss: 0.4697503 Vali Loss: 1.3081625 Test Loss: 0.4469830 MAE Loss: 0.4562804
EarlyStopping counter: 3 out of 3
Early stopping
[W826 04:57:41.752401230 AllocatorConfig.cpp:28] Warning: PYTORCH_CUDA_ALLOC_CONF is deprecated, use PYTORCH_ALLOC_CONF instead (function operator())
==========================================
[2026-08-26 04:57:41] Start running:
  dataset      : ETTh1
  model        : TimeLLM
  llm_model    : GPT2
  seq_len      : 512
  pred_len     : 720
  learning_rate: 0.01
  batch_size   : 24
==========================================
Downloading Model from https://www.modelscope.cn to directory: /home/Lain/.cache/modelscope/hub/models/AI-ModelScope/gpt2
2026-08-26 04:57:47,517 - modelscope - WARNING - Model revision not specified, use revision: v1.0.0
	iters: 100, epoch: 1 | loss: 0.8091536
	speed: 0.0841s/iter; left time: 18161.8432s
	iters: 200, epoch: 1 | loss: 0.8138476
	speed: 0.0786s/iter; left time: 16969.4157s
	iters: 300, epoch: 1 | loss: 0.7182765
	speed: 0.0790s/iter; left time: 17035.9657s
	iters: 400, epoch: 1 | loss: 0.5023789
	speed: 0.0790s/iter; left time: 17040.5269s
	iters: 500, epoch: 1 | loss: 0.6200543
	speed: 0.0790s/iter; left time: 17026.4864s
	iters: 600, epoch: 1 | loss: 0.4899677
	speed: 0.0789s/iter; left time: 16995.6445s
	iters: 700, epoch: 1 | loss: 0.5292743
	speed: 0.0793s/iter; left time: 17063.3500s
	iters: 800, epoch: 1 | loss: 0.6337279
	speed: 0.0790s/iter; left time: 17010.5713s
	iters: 900, epoch: 1 | loss: 0.6214095
	speed: 0.0791s/iter; left time: 17017.4622s
	iters: 1000, epoch: 1 | loss: 0.6948421
	speed: 0.0789s/iter; left time: 16965.1472s
	iters: 1100, epoch: 1 | loss: 0.4657786
	speed: 0.0790s/iter; left time: 16966.6850s
	iters: 1200, epoch: 1 | loss: 0.5867455
	speed: 0.0791s/iter; left time: 16995.6014s
	iters: 1300, epoch: 1 | loss: 0.7855833
	speed: 0.0790s/iter; left time: 16969.8443s
	iters: 1400, epoch: 1 | loss: 0.6101037
	speed: 0.0791s/iter; left time: 16972.7945s
	iters: 1500, epoch: 1 | loss: 0.6598615
	speed: 0.0794s/iter; left time: 17031.6235s
	iters: 1600, epoch: 1 | loss: 0.6150914
	speed: 0.0797s/iter; left time: 17082.1374s
	iters: 1700, epoch: 1 | loss: 0.8843403
	speed: 0.0797s/iter; left time: 17077.1002s
	iters: 1800, epoch: 1 | loss: 0.5157502
	speed: 0.0798s/iter; left time: 17097.5378s
	iters: 1900, epoch: 1 | loss: 0.5451899
	speed: 0.0800s/iter; left time: 17122.6686s
	iters: 2000, epoch: 1 | loss: 0.6403583
	speed: 0.0802s/iter; left time: 17153.1253s
	iters: 2100, epoch: 1 | loss: 0.4566548
	speed: 0.0800s/iter; left time: 17111.7750s
Epoch: 1 cost time: 171.62145233154297
Epoch: 1 | Train Loss: 0.6267427 Vali Loss: 1.5692316 Test Loss: 0.4436001 MAE Loss: 0.4674269
lr = 0.0004000000
Updating learning rate to 0.0003999999999999993
	iters: 100, epoch: 2 | loss: 0.4888653
	speed: 0.6042s/iter; left time: 129138.5485s
	iters: 200, epoch: 2 | loss: 0.5048282
	speed: 0.0767s/iter; left time: 16394.2796s
	iters: 300, epoch: 2 | loss: 0.4881605
	speed: 0.0768s/iter; left time: 16407.7421s
	iters: 400, epoch: 2 | loss: 0.6579500
	speed: 0.0770s/iter; left time: 16432.6946s
	iters: 500, epoch: 2 | loss: 0.7053625
	speed: 0.0770s/iter; left time: 16422.8024s
	iters: 600, epoch: 2 | loss: 0.4762249
	speed: 0.0766s/iter; left time: 16344.2266s
	iters: 700, epoch: 2 | loss: 0.6221222
	speed: 0.0770s/iter; left time: 16403.4429s
	iters: 800, epoch: 2 | loss: 0.5070102
	speed: 0.0766s/iter; left time: 16328.6976s
	iters: 900, epoch: 2 | loss: 0.4746587
	speed: 0.0769s/iter; left time: 16368.0863s
	iters: 1000, epoch: 2 | loss: 0.7048411
	speed: 0.0768s/iter; left time: 16353.9641s
	iters: 1100, epoch: 2 | loss: 0.7157719
	speed: 0.0770s/iter; left time: 16390.5699s
	iters: 1200, epoch: 2 | loss: 0.6850522
	speed: 0.0767s/iter; left time: 16301.4543s
	iters: 1300, epoch: 2 | loss: 0.5474006
	speed: 0.0767s/iter; left time: 16304.3556s
	iters: 1400, epoch: 2 | loss: 0.8228772
	speed: 0.0768s/iter; left time: 16311.5770s
	iters: 1500, epoch: 2 | loss: 0.4652512
	speed: 0.0770s/iter; left time: 16340.9591s
	iters: 1600, epoch: 2 | loss: 0.6312069
	speed: 0.0768s/iter; left time: 16297.0819s
	iters: 1700, epoch: 2 | loss: 0.5863471
	speed: 0.0767s/iter; left time: 16267.7710s
	iters: 1800, epoch: 2 | loss: 0.5220344
	speed: 0.0770s/iter; left time: 16328.3209s
	iters: 1900, epoch: 2 | loss: 0.5646027
	speed: 0.0767s/iter; left time: 16258.2907s
	iters: 2000, epoch: 2 | loss: 0.5132113
	speed: 0.0769s/iter; left time: 16285.2501s
	iters: 2100, epoch: 2 | loss: 0.4970476
	speed: 0.0767s/iter; left time: 16232.5944s
Epoch: 2 cost time: 166.06300711631775
Epoch: 2 | Train Loss: 0.5754475 Vali Loss: 1.6652316 Test Loss: 0.5716778 MAE Loss: 0.5363018
EarlyStopping counter: 1 out of 3
Updating learning rate to 0.00019999999999999966
	iters: 100, epoch: 3 | loss: 0.3869016
	speed: 0.5632s/iter; left time: 119156.8192s
	iters: 200, epoch: 3 | loss: 0.9221842
	speed: 0.0768s/iter; left time: 16245.3738s
	iters: 300, epoch: 3 | loss: 0.5562488
	speed: 0.0768s/iter; left time: 16228.5379s
	iters: 400, epoch: 3 | loss: 0.6852895
	speed: 0.0767s/iter; left time: 16197.7941s
	iters: 500, epoch: 3 | loss: 0.5892732
	speed: 0.0768s/iter; left time: 16221.1892s
	iters: 600, epoch: 3 | loss: 0.7237969
	speed: 0.0767s/iter; left time: 16186.5491s
	iters: 700, epoch: 3 | loss: 0.4991319
	speed: 0.0768s/iter; left time: 16195.8892s
	iters: 800, epoch: 3 | loss: 0.6674666
	speed: 0.0766s/iter; left time: 16150.8447s
	iters: 900, epoch: 3 | loss: 0.5638365
	speed: 0.0766s/iter; left time: 16146.8153s
	iters: 1000, epoch: 3 | loss: 0.5556507
	speed: 0.0766s/iter; left time: 16141.4197s
	iters: 1100, epoch: 3 | loss: 0.5185381
	speed: 0.0769s/iter; left time: 16190.6686s
	iters: 1200, epoch: 3 | loss: 0.6680192
	speed: 0.0766s/iter; left time: 16118.9832s
	iters: 1300, epoch: 3 | loss: 0.6048058
	speed: 0.0766s/iter; left time: 16115.7079s
	iters: 1400, epoch: 3 | loss: 0.5288200
	speed: 0.0767s/iter; left time: 16127.7181s
	iters: 1500, epoch: 3 | loss: 0.5243440
	speed: 0.0767s/iter; left time: 16114.7999s
	iters: 1600, epoch: 3 | loss: 0.5531473
	speed: 0.0766s/iter; left time: 16092.4968s
	iters: 1700, epoch: 3 | loss: 0.4892924
	speed: 0.0768s/iter; left time: 16133.4432s
	iters: 1800, epoch: 3 | loss: 0.4534064
	speed: 0.0769s/iter; left time: 16134.6599s
	iters: 1900, epoch: 3 | loss: 0.8203378
	speed: 0.0767s/iter; left time: 16085.6524s
	iters: 2000, epoch: 3 | loss: 0.6649889
	speed: 0.0767s/iter; left time: 16072.3180s
	iters: 2100, epoch: 3 | loss: 0.4957110
	speed: 0.0768s/iter; left time: 16103.9927s
Epoch: 3 cost time: 165.84879803657532
Epoch: 3 | Train Loss: 0.5472087 Vali Loss: 1.6782265 Test Loss: 0.4522114 MAE Loss: 0.4697833
EarlyStopping counter: 2 out of 3
Updating learning rate to 9.999999999999983e-05
	iters: 100, epoch: 4 | loss: 0.5055023
	speed: 0.5628s/iter; left time: 117852.0824s
	iters: 200, epoch: 4 | loss: 0.4382423
	speed: 0.0766s/iter; left time: 16035.6876s
	iters: 300, epoch: 4 | loss: 0.7253488
	speed: 0.0767s/iter; left time: 16044.4704s
	iters: 400, epoch: 4 | loss: 0.6629301
	speed: 0.0767s/iter; left time: 16045.7324s
	iters: 500, epoch: 4 | loss: 0.6228338
	speed: 0.0768s/iter; left time: 16048.0478s
	iters: 600, epoch: 4 | loss: 0.6018835
	speed: 0.0765s/iter; left time: 15987.9184s
	iters: 700, epoch: 4 | loss: 0.4359470
	speed: 0.0767s/iter; left time: 16013.9496s
	iters: 800, epoch: 4 | loss: 0.5185812
	speed: 0.0766s/iter; left time: 15994.0934s
	iters: 900, epoch: 4 | loss: 0.7219265
	speed: 0.0767s/iter; left time: 16010.9678s
	iters: 1000, epoch: 4 | loss: 0.7374216
	speed: 0.0770s/iter; left time: 16049.8222s
	iters: 1100, epoch: 4 | loss: 0.5655760
	speed: 0.0774s/iter; left time: 16122.5980s
	iters: 1200, epoch: 4 | loss: 0.4021782
	speed: 0.0774s/iter; left time: 16121.2948s
	iters: 1300, epoch: 4 | loss: 0.4224130
	speed: 0.0776s/iter; left time: 16151.4055s
	iters: 1400, epoch: 4 | loss: 0.4397954
	speed: 0.0776s/iter; left time: 16158.8011s
	iters: 1500, epoch: 4 | loss: 0.4370802
	speed: 0.0780s/iter; left time: 16217.1451s
	iters: 1600, epoch: 4 | loss: 0.5025911
	speed: 0.0779s/iter; left time: 16205.7715s
	iters: 1700, epoch: 4 | loss: 0.4906084
	speed: 0.0780s/iter; left time: 16207.7948s
	iters: 1800, epoch: 4 | loss: 0.5757177
	speed: 0.0776s/iter; left time: 16112.2280s
	iters: 1900, epoch: 4 | loss: 0.6408816
	speed: 0.0776s/iter; left time: 16107.4721s
	iters: 2000, epoch: 4 | loss: 0.5654061
	speed: 0.0775s/iter; left time: 16084.0709s
	iters: 2100, epoch: 4 | loss: 0.5156298
	speed: 0.0777s/iter; left time: 16122.3952s
Epoch: 4 cost time: 166.934011220932
Epoch: 4 | Train Loss: 0.5245348 Vali Loss: 1.7759085 Test Loss: 0.4391174 MAE Loss: 0.4636438
EarlyStopping counter: 3 out of 3
Early stopping
[W826 05:11:58.539306184 AllocatorConfig.cpp:28] Warning: PYTORCH_CUDA_ALLOC_CONF is deprecated, use PYTORCH_ALLOC_CONF instead (function operator())
